unsigned char shell_elf[] = {
  0x7f, 0x45, 0x4c, 0x46, 0x01, 0x01, 0x01, 0x00, 0x00, 0x00, 0x00, 0x00,
  0x00, 0x00, 0x00, 0x00, 0x02, 0x00, 0x03, 0x00, 0x01, 0x00, 0x00, 0x00,
  0x2e, 0x2b, 0x40, 0x00, 0x34, 0x00, 0x00, 0x00, 0xc4, 0x7d, 0x00, 0x00,
  0x00, 0x00, 0x00, 0x00, 0x34, 0x00, 0x20, 0x00, 0x06, 0x00, 0x28, 0x00,
  0x0b, 0x00, 0x0a, 0x00, 0x01, 0x00, 0x00, 0x00, 0x00, 0x00, 0x00, 0x00,
  0x00, 0xf0, 0x3f, 0x00, 0x00, 0xf0, 0x3f, 0x00, 0xf4, 0x00, 0x00, 0x00,
  0xf4, 0x00, 0x00, 0x00, 0x04, 0x00, 0x00, 0x00, 0x00, 0x10, 0x00, 0x00,
  0x01, 0x00, 0x00, 0x00, 0x00, 0x10, 0x00, 0x00, 0x00, 0x00, 0x40, 0x00,
  0x00, 0x00, 0x40, 0x00, 0xa3, 0x35, 0x00, 0x00, 0xa3, 0x35, 0x00, 0x00,
  0x05, 0x00, 0x00, 0x00, 0x00, 0x10, 0x00, 0x00, 0x01, 0x00, 0x00, 0x00,
  0x00, 0x50, 0x00, 0x00, 0x00, 0x40, 0x40, 0x00, 0x00, 0x40, 0x40, 0x00,
  0xd8, 0x1c, 0x00, 0x00, 0xd8, 0x1c, 0x00, 0x00, 0x04, 0x00, 0x00, 0x00,
  0x00, 0x10, 0x00, 0x00, 0x01, 0x00, 0x00, 0x00, 0x00, 0x70, 0x00, 0x00,
  0x00, 0x60, 0x40, 0x00, 0x00, 0x60, 0x40, 0x00, 0x18, 0x00, 0x00, 0x00,
  0x8c, 0x01, 0x00, 0x00, 0x06, 0x00, 0x00, 0x00, 0x00, 0x10, 0x00, 0x00,
  0x50, 0xe5, 0x74, 0x64, 0x60, 0x5f, 0x00, 0x00, 0x60, 0x4f, 0x40, 0x00,
  0x60, 0x4f, 0x40, 0x00, 0xb4, 0x02, 0x00, 0x00, 0xb4, 0x02, 0x00, 0x00,
  0x04, 0x00, 0x00, 0x00, 0x04, 0x00, 0x00, 0x00, 0x51, 0xe5, 0x74, 0x64,
  0x00, 0x00, 0x00, 0x00, 0x00, 0x00, 0x00, 0x00, 0x00, 0x00, 0x00, 0x00,
  0x00, 0x00, 0x00, 0x00, 0x00, 0x00, 0x00, 0x00, 0x06, 0x00, 0x00, 0x00,
  0x10, 0x00, 0x00, 0x00, 0x00, 0x00, 0x00, 0x00, 0x00, 0x00, 0x00, 0x00,
  0x00, 0x00, 0x00, 0x00, 0x00, 0x00, 0x00, 0x00, 0x00, 0x00, 0x00, 0x00,
  0x00, 0x00, 0x00, 0x00, 0x00, 0x00, 0x00, 0x00, 0x00, 0x00, 0x00, 0x00,
  0x00, 0x00, 0x00, 0x00, 0x00, 0x00, 0x00, 0x00, 0x00, 0x00, 0x00, 0x00,
  0x00, 0x00, 0x00, 0x00, 0x00, 0x00, 0x00, 0x00, 0x00, 0x00, 0x00, 0x00,
  0x00, 0x00, 0x00, 0x00, 0x00, 0x00, 0x00, 0x00, 0x00, 0x00, 0x00, 0x00,
  0x00, 0x00, 0x00, 0x00, 0x00, 0x00, 0x00, 0x00, 0x00, 0x00, 0x00, 0x00,
  0x00, 0x00, 0x00, 0x00, 0x00, 0x00, 0x00, 0x00, 0x00, 0x00, 0x00, 0x00,
  0x00, 0x00, 0x00, 0x00, 0x00, 0x00, 0x00, 0x00, 0x00, 0x00, 0x00, 0x00,
  0x00, 0x00, 0x00, 0x00, 0x00, 0x00, 0x00, 0x00, 0x00, 0x00, 0x00, 0x00,
  0x00, 0x00, 0x00, 0x00, 0x00, 0x00, 0x00, 0x00, 0x00, 0x00, 0x00, 0x00,
  0x00, 0x00, 0x00, 0x00, 0x00, 0x00, 0x00, 0x00, 0x00, 0x00, 0x00, 0x00,
  0x00, 0x00, 0x00, 0x00, 0x00, 0x00, 0x00, 0x00, 0x00, 0x00, 0x00, 0x00,
  0x00, 0x00, 0x00, 0x00, 0x00, 0x00, 0x00, 0x00, 0x00, 0x00, 0x00, 0x00,
  0x00, 0x00, 0x00, 0x00, 0x00, 0x00, 0x00, 0x00, 0x00, 0x00, 0x00, 0x00,
  0x00, 0x00, 0x00, 0x00, 0x00, 0x00, 0x00, 0x00, 0x00, 0x00, 0x00, 0x00,
  0x00, 0x00, 0x00, 0x00, 0x00, 0x00, 0x00, 0x00, 0x00, 0x00, 0x00, 0x00,
  0x00, 0x00, 0x00, 0x00, 0x00, 0x00, 0x00, 0x00, 0x00, 0x00, 0x00, 0x00,
  0x00, 0x00, 0x00, 0x00, 0x00, 0x00, 0x00, 0x00, 0x00, 0x00, 0x00, 0x00,
  0x00, 0x00, 0x00, 0x00, 0x00, 0x00, 0x00, 0x00, 0x00, 0x00, 0x00, 0x00,
  0x00, 0x00, 0x00, 0x00, 0x00, 0x00, 0x00, 0x00, 0x00, 0x00, 0x00, 0x00,
  0x00, 0x00, 0x00, 0x00, 0x00, 0x00, 0x00, 0x00, 0x00, 0x00, 0x00, 0x00,
  0x00, 0x00, 0x00, 0x00, 0x00, 0x00, 0x00, 0x00, 0x00, 0x00, 0x00, 0x00,
  0x00, 0x00, 0x00, 0x00, 0x00, 0x00, 0x00, 0x00, 0x00, 0x00, 0x00, 0x00,
  0x00, 0x00, 0x00, 0x00, 0x00, 0x00, 0x00, 0x00, 0x00, 0x00, 0x00, 0x00,
  0x00, 0x00, 0x00, 0x00, 0x00, 0x00, 0x00, 0x00, 0x00, 0x00, 0x00, 0x00,
  0x00, 0x00, 0x00, 0x00, 0x00, 0x00, 0x00, 0x00, 0x00, 0x00, 0x00, 0x00,
  0x00, 0x00, 0x00, 0x00, 0x00, 0x00, 0x00, 0x00, 0x00, 0x00, 0x00, 0x00,
  0x00, 0x00, 0x00, 0x00, 0x00, 0x00, 0x00, 0x00, 0x00, 0x00, 0x00, 0x00,
  0x00, 0x00, 0x00, 0x00, 0x00, 0x00, 0x00, 0x00, 0x00, 0x00, 0x00, 0x00,
  0x00, 0x00, 0x00, 0x00, 0x00, 0x00, 0x00, 0x00, 0x00, 0x00, 0x00, 0x00,
  0x00, 0x00, 0x00, 0x00, 0x00, 0x00, 0x00, 0x00, 0x00, 0x00, 0x00, 0x00,
  0x00, 0x00, 0x00, 0x00, 0x00, 0x00, 0x00, 0x00, 0x00, 0x00, 0x00, 0x00,
  0x00, 0x00, 0x00, 0x00, 0x00, 0x00, 0x00, 0x00, 0x00, 0x00, 0x00, 0x00,
  0x00, 0x00, 0x00, 0x00, 0x00, 0x00, 0x00, 0x00, 0x00, 0x00, 0x00, 0x00,
  0x00, 0x00, 0x00, 0x00, 0x00, 0x00, 0x00, 0x00, 0x00, 0x00, 0x00, 0x00,
  0x00, 0x00, 0x00, 0x00, 0x00, 0x00, 0x00, 0x00, 0x00, 0x00, 0x00, 0x00,
  0x00, 0x00, 0x00, 0x00, 0x00, 0x00, 0x00, 0x00, 0x00, 0x00, 0x00, 0x00,
  0x00, 0x00, 0x00, 0x00, 0x00, 0x00, 0x00, 0x00, 0x00, 0x00, 0x00, 0x00,
  0x00, 0x00, 0x00, 0x00, 0x00, 0x00, 0x00, 0x00, 0x00, 0x00, 0x00, 0x00,
  0x00, 0x00, 0x00, 0x00, 0x00, 0x00, 0x00, 0x00, 0x00, 0x00, 0x00, 0x00,
  0x00, 0x00, 0x00, 0x00, 0x00, 0x00, 0x00, 0x00, 0x00, 0x00, 0x00, 0x00,
  0x00, 0x00, 0x00, 0x00, 0x00, 0x00, 0x00, 0x00, 0x00, 0x00, 0x00, 0x00,
  0x00, 0x00, 0x00, 0x00, 0x00, 0x00, 0x00, 0x00, 0x00, 0x00, 0x00, 0x00,
  0x00, 0x00, 0x00, 0x00, 0x00, 0x00, 0x00, 0x00, 0x00, 0x00, 0x00, 0x00,
  0x00, 0x00, 0x00, 0x00, 0x00, 0x00, 0x00, 0x00, 0x00, 0x00, 0x00, 0x00,
  0x00, 0x00, 0x00, 0x00, 0x00, 0x00, 0x00, 0x00, 0x00, 0x00, 0x00, 0x00,
  0x00, 0x00, 0x00, 0x00, 0x00, 0x00, 0x00, 0x00, 0x00, 0x00, 0x00, 0x00,
  0x00, 0x00, 0x00, 0x00, 0x00, 0x00, 0x00, 0x00, 0x00, 0x00, 0x00, 0x00,
  0x00, 0x00, 0x00, 0x00, 0x00, 0x00, 0x00, 0x00, 0x00, 0x00, 0x00, 0x00,
  0x00, 0x00, 0x00, 0x00, 0x00, 0x00, 0x00, 0x00, 0x00, 0x00, 0x00, 0x00,
  0x00, 0x00, 0x00, 0x00, 0x00, 0x00, 0x00, 0x00, 0x00, 0x00, 0x00, 0x00,
  0x00, 0x00, 0x00, 0x00, 0x00, 0x00, 0x00, 0x00, 0x00, 0x00, 0x00, 0x00,
  0x00, 0x00, 0x00, 0x00, 0x00, 0x00, 0x00, 0x00, 0x00, 0x00, 0x00, 0x00,
  0x00, 0x00, 0x00, 0x00, 0x00, 0x00, 0x00, 0x00, 0x00, 0x00, 0x00, 0x00,
  0x00, 0x00, 0x00, 0x00, 0x00, 0x00, 0x00, 0x00, 0x00, 0x00, 0x00, 0x00,
  0x00, 0x00, 0x00, 0x00, 0x00, 0x00, 0x00, 0x00, 0x00, 0x00, 0x00, 0x00,
  0x00, 0x00, 0x00, 0x00, 0x00, 0x00, 0x00, 0x00, 0x00, 0x00, 0x00, 0x00,
  0x00, 0x00, 0x00, 0x00, 0x00, 0x00, 0x00, 0x00, 0x00, 0x00, 0x00, 0x00,
  0x00, 0x00, 0x00, 0x00, 0x00, 0x00, 0x00, 0x00, 0x00, 0x00, 0x00, 0x00,
  0x00, 0x00, 0x00, 0x00, 0x00, 0x00, 0x00, 0x00, 0x00, 0x00, 0x00, 0x00,
  0x00, 0x00, 0x00, 0x00, 0x00, 0x00, 0x00, 0x00, 0x00, 0x00, 0x00, 0x00,
  0x00, 0x00, 0x00, 0x00, 0x00, 0x00, 0x00, 0x00, 0x00, 0x00, 0x00, 0x00,
  0x00, 0x00, 0x00, 0x00, 0x00, 0x00, 0x00, 0x00, 0x00, 0x00, 0x00, 0x00,
  0x00, 0x00, 0x00, 0x00, 0x00, 0x00, 0x00, 0x00, 0x00, 0x00, 0x00, 0x00,
  0x00, 0x00, 0x00, 0x00, 0x00, 0x00, 0x00, 0x00, 0x00, 0x00, 0x00, 0x00,
  0x00, 0x00, 0x00, 0x00, 0x00, 0x00, 0x00, 0x00, 0x00, 0x00, 0x00, 0x00,
  0x00, 0x00, 0x00, 0x00, 0x00, 0x00, 0x00, 0x00, 0x00, 0x00, 0x00, 0x00,
  0x00, 0x00, 0x00, 0x00, 0x00, 0x00, 0x00, 0x00, 0x00, 0x00, 0x00, 0x00,
  0x00, 0x00, 0x00, 0x00, 0x00, 0x00, 0x00, 0x00, 0x00, 0x00, 0x00, 0x00,
  0x00, 0x00, 0x00, 0x00, 0x00, 0x00, 0x00, 0x00, 0x00, 0x00, 0x00, 0x00,
  0x00, 0x00, 0x00, 0x00, 0x00, 0x00, 0x00, 0x00, 0x00, 0x00, 0x00, 0x00,
  0x00, 0x00, 0x00, 0x00, 0x00, 0x00, 0x00, 0x00, 0x00, 0x00, 0x00, 0x00,
  0x00, 0x00, 0x00, 0x00, 0x00, 0x00, 0x00, 0x00, 0x00, 0x00, 0x00, 0x00,
  0x00, 0x00, 0x00, 0x00, 0x00, 0x00, 0x00, 0x00, 0x00, 0x00, 0x00, 0x00,
  0x00, 0x00, 0x00, 0x00, 0x00, 0x00, 0x00, 0x00, 0x00, 0x00, 0x00, 0x00,
  0x00, 0x00, 0x00, 0x00, 0x00, 0x00, 0x00, 0x00, 0x00, 0x00, 0x00, 0x00,
  0x00, 0x00, 0x00, 0x00, 0x00, 0x00, 0x00, 0x00, 0x00, 0x00, 0x00, 0x00,
  0x00, 0x00, 0x00, 0x00, 0x00, 0x00, 0x00, 0x00, 0x00, 0x00, 0x00, 0x00,
  0x00, 0x00, 0x00, 0x00, 0x00, 0x00, 0x00, 0x00, 0x00, 0x00, 0x00, 0x00,
  0x00, 0x00, 0x00, 0x00, 0x00, 0x00, 0x00, 0x00, 0x00, 0x00, 0x00, 0x00,
  0x00, 0x00, 0x00, 0x00, 0x00, 0x00, 0x00, 0x00, 0x00, 0x00, 0x00, 0x00,
  0x00, 0x00, 0x00, 0x00, 0x00, 0x00, 0x00, 0x00, 0x00, 0x00, 0x00, 0x00,
  0x00, 0x00, 0x00, 0x00, 0x00, 0x00, 0x00, 0x00, 0x00, 0x00, 0x00, 0x00,
  0x00, 0x00, 0x00, 0x00, 0x00, 0x00, 0x00, 0x00, 0x00, 0x00, 0x00, 0x00,
  0x00, 0x00, 0x00, 0x00, 0x00, 0x00, 0x00, 0x00, 0x00, 0x00, 0x00, 0x00,
  0x00, 0x00, 0x00, 0x00, 0x00, 0x00, 0x00, 0x00, 0x00, 0x00, 0x00, 0x00,
  0x00, 0x00, 0x00, 0x00, 0x00, 0x00, 0x00, 0x00, 0x00, 0x00, 0x00, 0x00,
  0x00, 0x00, 0x00, 0x00, 0x00, 0x00, 0x00, 0x00, 0x00, 0x00, 0x00, 0x00,
  0x00, 0x00, 0x00, 0x00, 0x00, 0x00, 0x00, 0x00, 0x00, 0x00, 0x00, 0x00,
  0x00, 0x00, 0x00, 0x00, 0x00, 0x00, 0x00, 0x00, 0x00, 0x00, 0x00, 0x00,
  0x00, 0x00, 0x00, 0x00, 0x00, 0x00, 0x00, 0x00, 0x00, 0x00, 0x00, 0x00,
  0x00, 0x00, 0x00, 0x00, 0x00, 0x00, 0x00, 0x00, 0x00, 0x00, 0x00, 0x00,
  0x00, 0x00, 0x00, 0x00, 0x00, 0x00, 0x00, 0x00, 0x00, 0x00, 0x00, 0x00,
  0x00, 0x00, 0x00, 0x00, 0x00, 0x00, 0x00, 0x00, 0x00, 0x00, 0x00, 0x00,
  0x00, 0x00, 0x00, 0x00, 0x00, 0x00, 0x00, 0x00, 0x00, 0x00, 0x00, 0x00,
  0x00, 0x00, 0x00, 0x00, 0x00, 0x00, 0x00, 0x00, 0x00, 0x00, 0x00, 0x00,
  0x00, 0x00, 0x00, 0x00, 0x00, 0x00, 0x00, 0x00, 0x00, 0x00, 0x00, 0x00,
  0x00, 0x00, 0x00, 0x00, 0x00, 0x00, 0x00, 0x00, 0x00, 0x00, 0x00, 0x00,
  0x00, 0x00, 0x00, 0x00, 0x00, 0x00, 0x00, 0x00, 0x00, 0x00, 0x00, 0x00,
  0x00, 0x00, 0x00, 0x00, 0x00, 0x00, 0x00, 0x00, 0x00, 0x00, 0x00, 0x00,
  0x00, 0x00, 0x00, 0x00, 0x00, 0x00, 0x00, 0x00, 0x00, 0x00, 0x00, 0x00,
  0x00, 0x00, 0x00, 0x00, 0x00, 0x00, 0x00, 0x00, 0x00, 0x00, 0x00, 0x00,
  0x00, 0x00, 0x00, 0x00, 0x00, 0x00, 0x00, 0x00, 0x00, 0x00, 0x00, 0x00,
  0x00, 0x00, 0x00, 0x00, 0x00, 0x00, 0x00, 0x00, 0x00, 0x00, 0x00, 0x00,
  0x00, 0x00, 0x00, 0x00, 0x00, 0x00, 0x00, 0x00, 0x00, 0x00, 0x00, 0x00,
  0x00, 0x00, 0x00, 0x00, 0x00, 0x00, 0x00, 0x00, 0x00, 0x00, 0x00, 0x00,
  0x00, 0x00, 0x00, 0x00, 0x00, 0x00, 0x00, 0x00, 0x00, 0x00, 0x00, 0x00,
  0x00, 0x00, 0x00, 0x00, 0x00, 0x00, 0x00, 0x00, 0x00, 0x00, 0x00, 0x00,
  0x00, 0x00, 0x00, 0x00, 0x00, 0x00, 0x00, 0x00, 0x00, 0x00, 0x00, 0x00,
  0x00, 0x00, 0x00, 0x00, 0x00, 0x00, 0x00, 0x00, 0x00, 0x00, 0x00, 0x00,
  0x00, 0x00, 0x00, 0x00, 0x00, 0x00, 0x00, 0x00, 0x00, 0x00, 0x00, 0x00,
  0x00, 0x00, 0x00, 0x00, 0x00, 0x00, 0x00, 0x00, 0x00, 0x00, 0x00, 0x00,
  0x00, 0x00, 0x00, 0x00, 0x00, 0x00, 0x00, 0x00, 0x00, 0x00, 0x00, 0x00,
  0x00, 0x00, 0x00, 0x00, 0x00, 0x00, 0x00, 0x00, 0x00, 0x00, 0x00, 0x00,
  0x00, 0x00, 0x00, 0x00, 0x00, 0x00, 0x00, 0x00, 0x00, 0x00, 0x00, 0x00,
  0x00, 0x00, 0x00, 0x00, 0x00, 0x00, 0x00, 0x00, 0x00, 0x00, 0x00, 0x00,
  0x00, 0x00, 0x00, 0x00, 0x00, 0x00, 0x00, 0x00, 0x00, 0x00, 0x00, 0x00,
  0x00, 0x00, 0x00, 0x00, 0x00, 0x00, 0x00, 0x00, 0x00, 0x00, 0x00, 0x00,
  0x00, 0x00, 0x00, 0x00, 0x00, 0x00, 0x00, 0x00, 0x00, 0x00, 0x00, 0x00,
  0x00, 0x00, 0x00, 0x00, 0x00, 0x00, 0x00, 0x00, 0x00, 0x00, 0x00, 0x00,
  0x00, 0x00, 0x00, 0x00, 0x00, 0x00, 0x00, 0x00, 0x00, 0x00, 0x00, 0x00,
  0x00, 0x00, 0x00, 0x00, 0x00, 0x00, 0x00, 0x00, 0x00, 0x00, 0x00, 0x00,
  0x00, 0x00, 0x00, 0x00, 0x00, 0x00, 0x00, 0x00, 0x00, 0x00, 0x00, 0x00,
  0x00, 0x00, 0x00, 0x00, 0x00, 0x00, 0x00, 0x00, 0x00, 0x00, 0x00, 0x00,
  0x00, 0x00, 0x00, 0x00, 0x00, 0x00, 0x00, 0x00, 0x00, 0x00, 0x00, 0x00,
  0x00, 0x00, 0x00, 0x00, 0x00, 0x00, 0x00, 0x00, 0x00, 0x00, 0x00, 0x00,
  0x00, 0x00, 0x00, 0x00, 0x00, 0x00, 0x00, 0x00, 0x00, 0x00, 0x00, 0x00,
  0x00, 0x00, 0x00, 0x00, 0x00, 0x00, 0x00, 0x00, 0x00, 0x00, 0x00, 0x00,
  0x00, 0x00, 0x00, 0x00, 0x00, 0x00, 0x00, 0x00, 0x00, 0x00, 0x00, 0x00,
  0x00, 0x00, 0x00, 0x00, 0x00, 0x00, 0x00, 0x00, 0x00, 0x00, 0x00, 0x00,
  0x00, 0x00, 0x00, 0x00, 0x00, 0x00, 0x00, 0x00, 0x00, 0x00, 0x00, 0x00,
  0x00, 0x00, 0x00, 0x00, 0x00, 0x00, 0x00, 0x00, 0x00, 0x00, 0x00, 0x00,
  0x00, 0x00, 0x00, 0x00, 0x00, 0x00, 0x00, 0x00, 0x00, 0x00, 0x00, 0x00,
  0x00, 0x00, 0x00, 0x00, 0x00, 0x00, 0x00, 0x00, 0x00, 0x00, 0x00, 0x00,
  0x00, 0x00, 0x00, 0x00, 0x00, 0x00, 0x00, 0x00, 0x00, 0x00, 0x00, 0x00,
  0x00, 0x00, 0x00, 0x00, 0x00, 0x00, 0x00, 0x00, 0x00, 0x00, 0x00, 0x00,
  0x00, 0x00, 0x00, 0x00, 0x00, 0x00, 0x00, 0x00, 0x00, 0x00, 0x00, 0x00,
  0x00, 0x00, 0x00, 0x00, 0x00, 0x00, 0x00, 0x00, 0x00, 0x00, 0x00, 0x00,
  0x00, 0x00, 0x00, 0x00, 0x00, 0x00, 0x00, 0x00, 0x00, 0x00, 0x00, 0x00,
  0x00, 0x00, 0x00, 0x00, 0x00, 0x00, 0x00, 0x00, 0x00, 0x00, 0x00, 0x00,
  0x00, 0x00, 0x00, 0x00, 0x00, 0x00, 0x00, 0x00, 0x00, 0x00, 0x00, 0x00,
  0x00, 0x00, 0x00, 0x00, 0x00, 0x00, 0x00, 0x00, 0x00, 0x00, 0x00, 0x00,
  0x00, 0x00, 0x00, 0x00, 0x00, 0x00, 0x00, 0x00, 0x00, 0x00, 0x00, 0x00,
  0x00, 0x00, 0x00, 0x00, 0x00, 0x00, 0x00, 0x00, 0x00, 0x00, 0x00, 0x00,
  0x00, 0x00, 0x00, 0x00, 0x00, 0x00, 0x00, 0x00, 0x00, 0x00, 0x00, 0x00,
  0x00, 0x00, 0x00, 0x00, 0x00, 0x00, 0x00, 0x00, 0x00, 0x00, 0x00, 0x00,
  0x00, 0x00, 0x00, 0x00, 0x00, 0x00, 0x00, 0x00, 0x00, 0x00, 0x00, 0x00,
  0x00, 0x00, 0x00, 0x00, 0x00, 0x00, 0x00, 0x00, 0x00, 0x00, 0x00, 0x00,
  0x00, 0x00, 0x00, 0x00, 0x00, 0x00, 0x00, 0x00, 0x00, 0x00, 0x00, 0x00,
  0x00, 0x00, 0x00, 0x00, 0x00, 0x00, 0x00, 0x00, 0x00, 0x00, 0x00, 0x00,
  0x00, 0x00, 0x00, 0x00, 0x00, 0x00, 0x00, 0x00, 0x00, 0x00, 0x00, 0x00,
  0x00, 0x00, 0x00, 0x00, 0x00, 0x00, 0x00, 0x00, 0x00, 0x00, 0x00, 0x00,
  0x00, 0x00, 0x00, 0x00, 0x00, 0x00, 0x00, 0x00, 0x00, 0x00, 0x00, 0x00,
  0x00, 0x00, 0x00, 0x00, 0x00, 0x00, 0x00, 0x00, 0x00, 0x00, 0x00, 0x00,
  0x00, 0x00, 0x00, 0x00, 0x00, 0x00, 0x00, 0x00, 0x00, 0x00, 0x00, 0x00,
  0x00, 0x00, 0x00, 0x00, 0x00, 0x00, 0x00, 0x00, 0x00, 0x00, 0x00, 0x00,
  0x00, 0x00, 0x00, 0x00, 0x00, 0x00, 0x00, 0x00, 0x00, 0x00, 0x00, 0x00,
  0x00, 0x00, 0x00, 0x00, 0x00, 0x00, 0x00, 0x00, 0x00, 0x00, 0x00, 0x00,
  0x00, 0x00, 0x00, 0x00, 0x00, 0x00, 0x00, 0x00, 0x00, 0x00, 0x00, 0x00,
  0x00, 0x00, 0x00, 0x00, 0x00, 0x00, 0x00, 0x00, 0x00, 0x00, 0x00, 0x00,
  0x00, 0x00, 0x00, 0x00, 0x00, 0x00, 0x00, 0x00, 0x00, 0x00, 0x00, 0x00,
  0x00, 0x00, 0x00, 0x00, 0x00, 0x00, 0x00, 0x00, 0x00, 0x00, 0x00, 0x00,
  0x00, 0x00, 0x00, 0x00, 0x00, 0x00, 0x00, 0x00, 0x00, 0x00, 0x00, 0x00,
  0x00, 0x00, 0x00, 0x00, 0x00, 0x00, 0x00, 0x00, 0x00, 0x00, 0x00, 0x00,
  0x00, 0x00, 0x00, 0x00, 0x00, 0x00, 0x00, 0x00, 0x00, 0x00, 0x00, 0x00,
  0x00, 0x00, 0x00, 0x00, 0x00, 0x00, 0x00, 0x00, 0x00, 0x00, 0x00, 0x00,
  0x00, 0x00, 0x00, 0x00, 0x00, 0x00, 0x00, 0x00, 0x00, 0x00, 0x00, 0x00,
  0x00, 0x00, 0x00, 0x00, 0x00, 0x00, 0x00, 0x00, 0x00, 0x00, 0x00, 0x00,
  0x00, 0x00, 0x00, 0x00, 0x00, 0x00, 0x00, 0x00, 0x00, 0x00, 0x00, 0x00,
  0x00, 0x00, 0x00, 0x00, 0x00, 0x00, 0x00, 0x00, 0x00, 0x00, 0x00, 0x00,
  0x00, 0x00, 0x00, 0x00, 0x00, 0x00, 0x00, 0x00, 0x00, 0x00, 0x00, 0x00,
  0x00, 0x00, 0x00, 0x00, 0x00, 0x00, 0x00, 0x00, 0x00, 0x00, 0x00, 0x00,
  0x00, 0x00, 0x00, 0x00, 0x00, 0x00, 0x00, 0x00, 0x00, 0x00, 0x00, 0x00,
  0x00, 0x00, 0x00, 0x00, 0x00, 0x00, 0x00, 0x00, 0x00, 0x00, 0x00, 0x00,
  0x00, 0x00, 0x00, 0x00, 0x00, 0x00, 0x00, 0x00, 0x00, 0x00, 0x00, 0x00,
  0x00, 0x00, 0x00, 0x00, 0x00, 0x00, 0x00, 0x00, 0x00, 0x00, 0x00, 0x00,
  0x00, 0x00, 0x00, 0x00, 0x00, 0x00, 0x00, 0x00, 0x00, 0x00, 0x00, 0x00,
  0x00, 0x00, 0x00, 0x00, 0x00, 0x00, 0x00, 0x00, 0x00, 0x00, 0x00, 0x00,
  0x00, 0x00, 0x00, 0x00, 0x00, 0x00, 0x00, 0x00, 0x00, 0x00, 0x00, 0x00,
  0x00, 0x00, 0x00, 0x00, 0x00, 0x00, 0x00, 0x00, 0x00, 0x00, 0x00, 0x00,
  0x00, 0x00, 0x00, 0x00, 0x00, 0x00, 0x00, 0x00, 0x00, 0x00, 0x00, 0x00,
  0x00, 0x00, 0x00, 0x00, 0x00, 0x00, 0x00, 0x00, 0x00, 0x00, 0x00, 0x00,
  0x00, 0x00, 0x00, 0x00, 0x00, 0x00, 0x00, 0x00, 0x00, 0x00, 0x00, 0x00,
  0x00, 0x00, 0x00, 0x00, 0x00, 0x00, 0x00, 0x00, 0x00, 0x00, 0x00, 0x00,
  0x00, 0x00, 0x00, 0x00, 0x00, 0x00, 0x00, 0x00, 0x00, 0x00, 0x00, 0x00,
  0x00, 0x00, 0x00, 0x00, 0x00, 0x00, 0x00, 0x00, 0x00, 0x00, 0x00, 0x00,
  0x00, 0x00, 0x00, 0x00, 0x00, 0x00, 0x00, 0x00, 0x00, 0x00, 0x00, 0x00,
  0x00, 0x00, 0x00, 0x00, 0x00, 0x00, 0x00, 0x00, 0x00, 0x00, 0x00, 0x00,
  0x00, 0x00, 0x00, 0x00, 0x00, 0x00, 0x00, 0x00, 0x00, 0x00, 0x00, 0x00,
  0x00, 0x00, 0x00, 0x00, 0x00, 0x00, 0x00, 0x00, 0x00, 0x00, 0x00, 0x00,
  0x00, 0x00, 0x00, 0x00, 0x00, 0x00, 0x00, 0x00, 0x00, 0x00, 0x00, 0x00,
  0x00, 0x00, 0x00, 0x00, 0x00, 0x00, 0x00, 0x00, 0x00, 0x00, 0x00, 0x00,
  0x00, 0x00, 0x00, 0x00, 0x00, 0x00, 0x00, 0x00, 0x00, 0x00, 0x00, 0x00,
  0x00, 0x00, 0x00, 0x00, 0x00, 0x00, 0x00, 0x00, 0x00, 0x00, 0x00, 0x00,
  0x00, 0x00, 0x00, 0x00, 0x00, 0x00, 0x00, 0x00, 0x00, 0x00, 0x00, 0x00,
  0x00, 0x00, 0x00, 0x00, 0x00, 0x00, 0x00, 0x00, 0x00, 0x00, 0x00, 0x00,
  0x00, 0x00, 0x00, 0x00, 0x00, 0x00, 0x00, 0x00, 0x00, 0x00, 0x00, 0x00,
  0x00, 0x00, 0x00, 0x00, 0x00, 0x00, 0x00, 0x00, 0x00, 0x00, 0x00, 0x00,
  0x00, 0x00, 0x00, 0x00, 0x00, 0x00, 0x00, 0x00, 0x00, 0x00, 0x00, 0x00,
  0x00, 0x00, 0x00, 0x00, 0x00, 0x00, 0x00, 0x00, 0x00, 0x00, 0x00, 0x00,
  0x00, 0x00, 0x00, 0x00, 0x00, 0x00, 0x00, 0x00, 0x00, 0x00, 0x00, 0x00,
  0x00, 0x00, 0x00, 0x00, 0x00, 0x00, 0x00, 0x00, 0x00, 0x00, 0x00, 0x00,
  0x00, 0x00, 0x00, 0x00, 0x00, 0x00, 0x00, 0x00, 0x00, 0x00, 0x00, 0x00,
  0x00, 0x00, 0x00, 0x00, 0x00, 0x00, 0x00, 0x00, 0x00, 0x00, 0x00, 0x00,
  0x00, 0x00, 0x00, 0x00, 0x00, 0x00, 0x00, 0x00, 0x00, 0x00, 0x00, 0x00,
  0x00, 0x00, 0x00, 0x00, 0x00, 0x00, 0x00, 0x00, 0x00, 0x00, 0x00, 0x00,
  0x00, 0x00, 0x00, 0x00, 0x00, 0x00, 0x00, 0x00, 0x00, 0x00, 0x00, 0x00,
  0x00, 0x00, 0x00, 0x00, 0x00, 0x00, 0x00, 0x00, 0x00, 0x00, 0x00, 0x00,
  0x00, 0x00, 0x00, 0x00, 0x00, 0x00, 0x00, 0x00, 0x00, 0x00, 0x00, 0x00,
  0x00, 0x00, 0x00, 0x00, 0x00, 0x00, 0x00, 0x00, 0x00, 0x00, 0x00, 0x00,
  0x00, 0x00, 0x00, 0x00, 0x00, 0x00, 0x00, 0x00, 0x00, 0x00, 0x00, 0x00,
  0x00, 0x00, 0x00, 0x00, 0x00, 0x00, 0x00, 0x00, 0x00, 0x00, 0x00, 0x00,
  0x00, 0x00, 0x00, 0x00, 0x00, 0x00, 0x00, 0x00, 0x00, 0x00, 0x00, 0x00,
  0x00, 0x00, 0x00, 0x00, 0x00, 0x00, 0x00, 0x00, 0x00, 0x00, 0x00, 0x00,
  0x00, 0x00, 0x00, 0x00, 0x00, 0x00, 0x00, 0x00, 0x00, 0x00, 0x00, 0x00,
  0x00, 0x00, 0x00, 0x00, 0x00, 0x00, 0x00, 0x00, 0x00, 0x00, 0x00, 0x00,
  0x00, 0x00, 0x00, 0x00, 0x00, 0x00, 0x00, 0x00, 0x00, 0x00, 0x00, 0x00,
  0x00, 0x00, 0x00, 0x00, 0x00, 0x00, 0x00, 0x00, 0x00, 0x00, 0x00, 0x00,
  0x00, 0x00, 0x00, 0x00, 0x00, 0x00, 0x00, 0x00, 0x00, 0x00, 0x00, 0x00,
  0x00, 0x00, 0x00, 0x00, 0x00, 0x00, 0x00, 0x00, 0x00, 0x00, 0x00, 0x00,
  0x00, 0x00, 0x00, 0x00, 0x00, 0x00, 0x00, 0x00, 0x00, 0x00, 0x00, 0x00,
  0x00, 0x00, 0x00, 0x00, 0x00, 0x00, 0x00, 0x00, 0x00, 0x00, 0x00, 0x00,
  0x00, 0x00, 0x00, 0x00, 0x00, 0x00, 0x00, 0x00, 0x00, 0x00, 0x00, 0x00,
  0x00, 0x00, 0x00, 0x00, 0x00, 0x00, 0x00, 0x00, 0x00, 0x00, 0x00, 0x00,
  0x00, 0x00, 0x00, 0x00, 0x00, 0x00, 0x00, 0x00, 0x00, 0x00, 0x00, 0x00,
  0x00, 0x00, 0x00, 0x00, 0x00, 0x00, 0x00, 0x00, 0x00, 0x00, 0x00, 0x00,
  0x00, 0x00, 0x00, 0x00, 0x00, 0x00, 0x00, 0x00, 0x00, 0x00, 0x00, 0x00,
  0x00, 0x00, 0x00, 0x00, 0x00, 0x00, 0x00, 0x00, 0x00, 0x00, 0x00, 0x00,
  0x00, 0x00, 0x00, 0x00, 0x00, 0x00, 0x00, 0x00, 0x00, 0x00, 0x00, 0x00,
  0x00, 0x00, 0x00, 0x00, 0x00, 0x00, 0x00, 0x00, 0x00, 0x00, 0x00, 0x00,
  0x00, 0x00, 0x00, 0x00, 0x00, 0x00, 0x00, 0x00, 0x00, 0x00, 0x00, 0x00,
  0x00, 0x00, 0x00, 0x00, 0x00, 0x00, 0x00, 0x00, 0x00, 0x00, 0x00, 0x00,
  0x00, 0x00, 0x00, 0x00, 0x00, 0x00, 0x00, 0x00, 0x00, 0x00, 0x00, 0x00,
  0x00, 0x00, 0x00, 0x00, 0x00, 0x00, 0x00, 0x00, 0x00, 0x00, 0x00, 0x00,
  0x00, 0x00, 0x00, 0x00, 0x00, 0x00, 0x00, 0x00, 0x00, 0x00, 0x00, 0x00,
  0x00, 0x00, 0x00, 0x00, 0x00, 0x00, 0x00, 0x00, 0x00, 0x00, 0x00, 0x00,
  0x00, 0x00, 0x00, 0x00, 0x00, 0x00, 0x00, 0x00, 0x00, 0x00, 0x00, 0x00,
  0x00, 0x00, 0x00, 0x00, 0x00, 0x00, 0x00, 0x00, 0x00, 0x00, 0x00, 0x00,
  0x00, 0x00, 0x00, 0x00, 0x00, 0x00, 0x00, 0x00, 0x00, 0x00, 0x00, 0x00,
  0x00, 0x00, 0x00, 0x00, 0x00, 0x00, 0x00, 0x00, 0x00, 0x00, 0x00, 0x00,
  0x00, 0x00, 0x00, 0x00, 0x00, 0x00, 0x00, 0x00, 0x00, 0x00, 0x00, 0x00,
  0x00, 0x00, 0x00, 0x00, 0x00, 0x00, 0x00, 0x00, 0x00, 0x00, 0x00, 0x00,
  0x00, 0x00, 0x00, 0x00, 0x00, 0x00, 0x00, 0x00, 0x00, 0x00, 0x00, 0x00,
  0x00, 0x00, 0x00, 0x00, 0x00, 0x00, 0x00, 0x00, 0x00, 0x00, 0x00, 0x00,
  0x00, 0x00, 0x00, 0x00, 0x00, 0x00, 0x00, 0x00, 0x00, 0x00, 0x00, 0x00,
  0x00, 0x00, 0x00, 0x00, 0x00, 0x00, 0x00, 0x00, 0x00, 0x00, 0x00, 0x00,
  0x00, 0x00, 0x00, 0x00, 0x00, 0x00, 0x00, 0x00, 0x00, 0x00, 0x00, 0x00,
  0x00, 0x00, 0x00, 0x00, 0x00, 0x00, 0x00, 0x00, 0x00, 0x00, 0x00, 0x00,
  0x00, 0x00, 0x00, 0x00, 0x00, 0x00, 0x00, 0x00, 0x00, 0x00, 0x00, 0x00,
  0x00, 0x00, 0x00, 0x00, 0x00, 0x00, 0x00, 0x00, 0x00, 0x00, 0x00, 0x00,
  0x00, 0x00, 0x00, 0x00, 0x00, 0x00, 0x00, 0x00, 0x00, 0x00, 0x00, 0x00,
  0x00, 0x00, 0x00, 0x00, 0x00, 0x00, 0x00, 0x00, 0x00, 0x00, 0x00, 0x00,
  0x00, 0x00, 0x00, 0x00, 0x00, 0x00, 0x00, 0x00, 0x00, 0x00, 0x00, 0x00,
  0x00, 0x00, 0x00, 0x00, 0x00, 0x00, 0x00, 0x00, 0x00, 0x00, 0x00, 0x00,
  0x00, 0x00, 0x00, 0x00, 0x00, 0x00, 0x00, 0x00, 0x00, 0x00, 0x00, 0x00,
  0x00, 0x00, 0x00, 0x00, 0x00, 0x00, 0x00, 0x00, 0x00, 0x00, 0x00, 0x00,
  0x00, 0x00, 0x00, 0x00, 0x00, 0x00, 0x00, 0x00, 0x00, 0x00, 0x00, 0x00,
  0x00, 0x00, 0x00, 0x00, 0x00, 0x00, 0x00, 0x00, 0x00, 0x00, 0x00, 0x00,
  0x00, 0x00, 0x00, 0x00, 0x00, 0x00, 0x00, 0x00, 0x00, 0x00, 0x00, 0x00,
  0x00, 0x00, 0x00, 0x00, 0x00, 0x00, 0x00, 0x00, 0x00, 0x00, 0x00, 0x00,
  0x00, 0x00, 0x00, 0x00, 0x00, 0x00, 0x00, 0x00, 0x00, 0x00, 0x00, 0x00,
  0x00, 0x00, 0x00, 0x00, 0x00, 0x00, 0x00, 0x00, 0x00, 0x00, 0x00, 0x00,
  0x00, 0x00, 0x00, 0x00, 0x00, 0x00, 0x00, 0x00, 0x00, 0x00, 0x00, 0x00,
  0x00, 0x00, 0x00, 0x00, 0x00, 0x00, 0x00, 0x00, 0x00, 0x00, 0x00, 0x00,
  0x00, 0x00, 0x00, 0x00, 0x00, 0x00, 0x00, 0x00, 0x00, 0x00, 0x00, 0x00,
  0x00, 0x00, 0x00, 0x00, 0x00, 0x00, 0x00, 0x00, 0x00, 0x00, 0x00, 0x00,
  0x00, 0x00, 0x00, 0x00, 0x00, 0x00, 0x00, 0x00, 0x00, 0x00, 0x00, 0x00,
  0x00, 0x00, 0x00, 0x00, 0x00, 0x00, 0x00, 0x00, 0x00, 0x00, 0x00, 0x00,
  0x00, 0x00, 0x00, 0x00, 0x00, 0x00, 0x00, 0x00, 0x00, 0x00, 0x00, 0x00,
  0x00, 0x00, 0x00, 0x00, 0x00, 0x00, 0x00, 0x00, 0x00, 0x00, 0x00, 0x00,
  0x00, 0x00, 0x00, 0x00, 0x00, 0x00, 0x00, 0x00, 0x00, 0x00, 0x00, 0x00,
  0x00, 0x00, 0x00, 0x00, 0x00, 0x00, 0x00, 0x00, 0x00, 0x00, 0x00, 0x00,
  0x00, 0x00, 0x00, 0x00, 0x00, 0x00, 0x00, 0x00, 0x00, 0x00, 0x00, 0x00,
  0x00, 0x00, 0x00, 0x00, 0x00, 0x00, 0x00, 0x00, 0x00, 0x00, 0x00, 0x00,
  0x00, 0x00, 0x00, 0x00, 0x00, 0x00, 0x00, 0x00, 0x00, 0x00, 0x00, 0x00,
  0x00, 0x00, 0x00, 0x00, 0x00, 0x00, 0x00, 0x00, 0x00, 0x00, 0x00, 0x00,
  0x00, 0x00, 0x00, 0x00, 0x00, 0x00, 0x00, 0x00, 0x00, 0x00, 0x00, 0x00,
  0x00, 0x00, 0x00, 0x00, 0x00, 0x00, 0x00, 0x00, 0x00, 0x00, 0x00, 0x00,
  0x00, 0x00, 0x00, 0x00, 0x00, 0x00, 0x00, 0x00, 0x00, 0x00, 0x00, 0x00,
  0x00, 0x00, 0x00, 0x00, 0x00, 0x00, 0x00, 0x00, 0x00, 0x00, 0x00, 0x00,
  0x00, 0x00, 0x00, 0x00, 0x00, 0x00, 0x00, 0x00, 0x00, 0x00, 0x00, 0x00,
  0x00, 0x00, 0x00, 0x00, 0x00, 0x00, 0x00, 0x00, 0x00, 0x00, 0x00, 0x00,
  0x00, 0x00, 0x00, 0x00, 0x00, 0x00, 0x00, 0x00, 0x00, 0x00, 0x00, 0x00,
  0x00, 0x00, 0x00, 0x00, 0x00, 0x00, 0x00, 0x00, 0x00, 0x00, 0x00, 0x00,
  0x00, 0x00, 0x00, 0x00, 0x00, 0x00, 0x00, 0x00, 0x00, 0x00, 0x00, 0x00,
  0x00, 0x00, 0x00, 0x00, 0x00, 0x00, 0x00, 0x00, 0x00, 0x00, 0x00, 0x00,
  0x00, 0x00, 0x00, 0x00, 0x00, 0x00, 0x00, 0x00, 0x00, 0x00, 0x00, 0x00,
  0x00, 0x00, 0x00, 0x00, 0x00, 0x00, 0x00, 0x00, 0x00, 0x00, 0x00, 0x00,
  0x00, 0x00, 0x00, 0x00, 0x00, 0x00, 0x00, 0x00, 0x00, 0x00, 0x00, 0x00,
  0x00, 0x00, 0x00, 0x00, 0x00, 0x00, 0x00, 0x00, 0x00, 0x00, 0x00, 0x00,
  0x00, 0x00, 0x00, 0x00, 0x00, 0x00, 0x00, 0x00, 0x00, 0x00, 0x00, 0x00,
  0x00, 0x00, 0x00, 0x00, 0x00, 0x00, 0x00, 0x00, 0x00, 0x00, 0x00, 0x00,
  0x00, 0x00, 0x00, 0x00, 0x00, 0x00, 0x00, 0x00, 0x00, 0x00, 0x00, 0x00,
  0x00, 0x00, 0x00, 0x00, 0x00, 0x00, 0x00, 0x00, 0x00, 0x00, 0x00, 0x00,
  0x00, 0x00, 0x00, 0x00, 0x00, 0x00, 0x00, 0x00, 0x00, 0x00, 0x00, 0x00,
  0x00, 0x00, 0x00, 0x00, 0x00, 0x00, 0x00, 0x00, 0x00, 0x00, 0x00, 0x00,
  0x00, 0x00, 0x00, 0x00, 0x00, 0x00, 0x00, 0x00, 0x00, 0x00, 0x00, 0x00,
  0x00, 0x00, 0x00, 0x00, 0x00, 0x00, 0x00, 0x00, 0x00, 0x00, 0x00, 0x00,
  0x00, 0x00, 0x00, 0x00, 0x00, 0x00, 0x00, 0x00, 0x00, 0x00, 0x00, 0x00,
  0x00, 0x00, 0x00, 0x00, 0x00, 0x00, 0x00, 0x00, 0x00, 0x00, 0x00, 0x00,
  0x00, 0x00, 0x00, 0x00, 0x00, 0x00, 0x00, 0x00, 0x00, 0x00, 0x00, 0x00,
  0x00, 0x00, 0x00, 0x00, 0x00, 0x00, 0x00, 0x00, 0x00, 0x00, 0x00, 0x00,
  0x00, 0x00, 0x00, 0x00, 0x00, 0x00, 0x00, 0x00, 0x00, 0x00, 0x00, 0x00,
  0x00, 0x00, 0x00, 0x00, 0x00, 0x00, 0x00, 0x00, 0x00, 0x00, 0x00, 0x00,
  0x00, 0x00, 0x00, 0x00, 0x00, 0x00, 0x00, 0x00, 0x00, 0x00, 0x00, 0x00,
  0x00, 0x00, 0x00, 0x00, 0x00, 0x00, 0x00, 0x00, 0x00, 0x00, 0x00, 0x00,
  0x00, 0x00, 0x00, 0x00, 0x00, 0x00, 0x00, 0x00, 0x00, 0x00, 0x00, 0x00,
  0x00, 0x00, 0x00, 0x00, 0x00, 0x00, 0x00, 0x00, 0x00, 0x00, 0x00, 0x00,
  0x00, 0x00, 0x00, 0x00, 0x00, 0x00, 0x00, 0x00, 0x00, 0x00, 0x00, 0x00,
  0x00, 0x00, 0x00, 0x00, 0x00, 0x00, 0x00, 0x00, 0x00, 0x00, 0x00, 0x00,
  0x00, 0x00, 0x00, 0x00, 0x00, 0x00, 0x00, 0x00, 0x00, 0x00, 0x00, 0x00,
  0x00, 0x00, 0x00, 0x00, 0x00, 0x00, 0x00, 0x00, 0x00, 0x00, 0x00, 0x00,
  0x00, 0x00, 0x00, 0x00, 0x00, 0x00, 0x00, 0x00, 0x00, 0x00, 0x00, 0x00,
  0x00, 0x00, 0x00, 0x00, 0x00, 0x00, 0x00, 0x00, 0x00, 0x00, 0x00, 0x00,
  0x00, 0x00, 0x00, 0x00, 0x00, 0x00, 0x00, 0x00, 0x00, 0x00, 0x00, 0x00,
  0x00, 0x00, 0x00, 0x00, 0x00, 0x00, 0x00, 0x00, 0x00, 0x00, 0x00, 0x00,
  0x00, 0x00, 0x00, 0x00, 0x00, 0x00, 0x00, 0x00, 0x00, 0x00, 0x00, 0x00,
  0x00, 0x00, 0x00, 0x00, 0x00, 0x00, 0x00, 0x00, 0x00, 0x00, 0x00, 0x00,
  0x00, 0x00, 0x00, 0x00, 0x00, 0x00, 0x00, 0x00, 0x00, 0x00, 0x00, 0x00,
  0x00, 0x00, 0x00, 0x00, 0x00, 0x00, 0x00, 0x00, 0x00, 0x00, 0x00, 0x00,
  0x00, 0x00, 0x00, 0x00, 0x55, 0x89, 0xe5, 0x83, 0xec, 0x10, 0x8b, 0x45,
  0x08, 0xcd, 0x80, 0x89, 0x45, 0xfc, 0x8b, 0x45, 0xfc, 0xc9, 0xc3, 0x55,
  0x89, 0xe5, 0x53, 0x83, 0xec, 0x10, 0x8b, 0x45, 0x08, 0x8b, 0x55, 0x0c,
  0x89, 0xd3, 0xcd, 0x80, 0x89, 0x45, 0xf8, 0x8b, 0x45, 0xf8, 0x8b, 0x5d,
  0xfc, 0xc9, 0xc3, 0x55, 0x89, 0xe5, 0x53, 0x83, 0xec, 0x10, 0x8b, 0x45,
  0x08, 0x8b, 0x55, 0x0c, 0x8b, 0x4d, 0x10, 0x89, 0xd3, 0xcd, 0x80, 0x89,
  0x45, 0xf8, 0x8b, 0x45, 0xf8, 0x8b, 0x5d, 0xfc, 0xc9, 0xc3, 0x55, 0x89,
  0xe5, 0x53, 0x83, 0xec, 0x10, 0x8b, 0x45, 0x08, 0x8b, 0x5d, 0x0c, 0x8b,
  0x4d, 0x10, 0x8b, 0x55, 0x14, 0xcd, 0x80, 0x89, 0x45, 0xf8, 0x8b, 0x45,
  0xf8, 0x8b, 0x5d, 0xfc, 0xc9, 0xc3, 0x55, 0x89, 0xe5, 0x8b, 0x45, 0x08,
  0x50, 0x6a, 0x01, 0xe8, 0x97, 0xff, 0xff, 0xff, 0x83, 0xc4, 0x08, 0x90,
  0xc9, 0xc3, 0x55, 0x89, 0xe5, 0xff, 0x75, 0x08, 0x6a, 0x02, 0xe8, 0x84,
  0xff, 0xff, 0xff, 0x83, 0xc4, 0x08, 0x90, 0xeb, 0xfd, 0x55, 0x89, 0xe5,
  0x6a, 0x08, 0xe8, 0x61, 0xff, 0xff, 0xff, 0x83, 0xc4, 0x04, 0xc9, 0xc3,
  0x55, 0x89, 0xe5, 0x8b, 0x45, 0x08, 0x50, 0x6a, 0x10, 0xe8, 0x61, 0xff,
  0xff, 0xff, 0x83, 0xc4, 0x08, 0xc9, 0xc3, 0x55, 0x89, 0xe5, 0x8b, 0x45,
  0x0c, 0x50, 0xff, 0x75, 0x08, 0x6a, 0x11, 0xe8, 0x67, 0xff, 0xff, 0xff,
  0x83, 0xc4, 0x0c, 0xc9, 0xc3, 0x55, 0x89, 0xe5, 0x6a, 0x13, 0xe8, 0x29,
  0xff, 0xff, 0xff, 0x83, 0xc4, 0x04, 0xc9, 0xc3, 0x55, 0x89, 0xe5, 0x6a,
  0x05, 0xe8, 0x1a, 0xff, 0xff, 0xff, 0x83, 0xc4, 0x04, 0xc9, 0xc3, 0x55,
  0x89, 0xe5, 0xff, 0x75, 0x08, 0x6a, 0x06, 0xe8, 0x1b, 0xff, 0xff, 0xff,
  0x83, 0xc4, 0x08, 0xc9, 0xc3, 0x55, 0x89, 0xe5, 0x6a, 0x0e, 0xe8, 0xf9,
  0xfe, 0xff, 0xff, 0x83, 0xc4, 0x04, 0xc9, 0xc3, 0x55, 0x89, 0xe5, 0x8b,
  0x45, 0x10, 0x50, 0xff, 0x75, 0x0c, 0xff, 0x75, 0x08, 0x6a, 0x0b, 0xe8,
  0x2e, 0xff, 0xff, 0xff, 0x83, 0xc4, 0x10, 0xc9, 0xc3, 0x55, 0x89, 0xe5,
  0x8b, 0x45, 0x0c, 0x50, 0xff, 0x75, 0x08, 0x6a, 0x0c, 0xe8, 0xf9, 0xfe,
  0xff, 0xff, 0x83, 0xc4, 0x0c, 0xc9, 0xc3, 0x55, 0x89, 0xe5, 0xff, 0x75,
  0x08, 0x6a, 0x0d, 0xe8, 0xcb, 0xfe, 0xff, 0xff, 0x83, 0xc4, 0x08, 0xc9,
  0xc3, 0x55, 0x89, 0xe5, 0xff, 0x75, 0x0c, 0xff, 0x75, 0x08, 0x6a, 0x12,
  0xe8, 0xd2, 0xfe, 0xff, 0xff, 0x83, 0xc4, 0x0c, 0xc9, 0xc3, 0x55, 0x89,
  0xe5, 0x6a, 0x14, 0xe8, 0x94, 0xfe, 0xff, 0xff, 0x83, 0xc4, 0x04, 0x90,
  0xc9, 0xc3, 0x55, 0x89, 0xe5, 0x8b, 0x45, 0x08, 0x50, 0x6a, 0x15, 0xe8,
  0x93, 0xfe, 0xff, 0xff, 0x83, 0xc4, 0x08, 0xc9, 0xc3, 0x55, 0x89, 0xe5,
  0x8b, 0x45, 0x0c, 0xff, 0x75, 0x10, 0x50, 0xff, 0x75, 0x08, 0x6a, 0x16,
  0xe8, 0xb5, 0xfe, 0xff, 0xff, 0x83, 0xc4, 0x10, 0xc9, 0xc3, 0x55, 0x89,
  0xe5, 0xff, 0x75, 0x08, 0x6a, 0x17, 0xe8, 0x68, 0xfe, 0xff, 0xff, 0x83,
  0xc4, 0x08, 0xc9, 0xc3, 0x55, 0x89, 0xe5, 0x6a, 0x18, 0xe8, 0x46, 0xfe,
  0xff, 0xff, 0x83, 0xc4, 0x04, 0xc9, 0xc3, 0x55, 0x89, 0xe5, 0x8b, 0x45,
  0x0c, 0xff, 0x75, 0x10, 0x50, 0xff, 0x75, 0x08, 0x6a, 0x19, 0xe8, 0x7b,
  0xfe, 0xff, 0xff, 0x83, 0xc4, 0x10, 0xc9, 0xc3, 0x55, 0x89, 0xe5, 0x8b,
  0x45, 0x08, 0x50, 0x6a, 0x1b, 0xe8, 0x2d, 0xfe, 0xff, 0xff, 0x83, 0xc4,
  0x08, 0xc9, 0xc3, 0x55, 0x89, 0xe5, 0x8b, 0x55, 0x0c, 0x8b, 0x45, 0x08,
  0x52, 0x50, 0x6a, 0x1c, 0xe8, 0x32, 0xfe, 0xff, 0xff, 0x83, 0xc4, 0x0c,
  0xc9, 0xc3, 0x55, 0x89, 0xe5, 0x8b, 0x45, 0x08, 0x50, 0x6a, 0x1d, 0xe8,
  0x03, 0xfe, 0xff, 0xff, 0x83, 0xc4, 0x08, 0xc9, 0xc3, 0x55, 0x89, 0xe5,
  0x8b, 0x55, 0x0c, 0x8b, 0x45, 0x08, 0x52, 0x50, 0x6a, 0x20, 0xe8, 0x08,
  0xfe, 0xff, 0xff, 0x83, 0xc4, 0x0c, 0xc9, 0xc3, 0x55, 0x89, 0xe5, 0x8b,
  0x45, 0x0c, 0xff, 0x75, 0x10, 0x50, 0xff, 0x75, 0x08, 0x6a, 0x21, 0xe8,
  0x0e, 0xfe, 0xff, 0xff, 0x83, 0xc4, 0x10, 0xc9, 0xc3, 0x55, 0x89, 0xe5,
  0x8b, 0x45, 0x0c, 0x50, 0xff, 0x75, 0x08, 0x6a, 0x22, 0xe8, 0xd9, 0xfd,
  0xff, 0xff, 0x83, 0xc4, 0x0c, 0xc9, 0xc3, 0x55, 0x89, 0xe5, 0x6a, 0x23,
  0xe8, 0x9b, 0xfd, 0xff, 0xff, 0x83, 0xc4, 0x04, 0x90, 0xc9, 0xc3, 0x55,
  0x89, 0xe5, 0xff, 0x75, 0x08, 0x6a, 0x24, 0xe8, 0x9b, 0xfd, 0xff, 0xff,
  0x83, 0xc4, 0x08, 0xc9, 0xc3, 0x55, 0x89, 0xe5, 0xff, 0x75, 0x08, 0x6a,
  0x25, 0xe8, 0x89, 0xfd, 0xff, 0xff, 0x83, 0xc4, 0x08, 0xc9, 0xc3, 0x55,
  0x89, 0xe5, 0x8b, 0x45, 0x08, 0x50, 0x6a, 0x28, 0xe8, 0x76, 0xfd, 0xff,
  0xff, 0x83, 0xc4, 0x08, 0xc9, 0xc3, 0x55, 0x89, 0xe5, 0xff, 0x75, 0x0c,
  0xff, 0x75, 0x08, 0x6a, 0x29, 0xe8, 0x7d, 0xfd, 0xff, 0xff, 0x83, 0xc4,
  0x0c, 0xc9, 0xc3, 0x55, 0x89, 0xe5, 0xff, 0x75, 0x08, 0x6a, 0x26, 0xe8,
  0x4f, 0xfd, 0xff, 0xff, 0x83, 0xc4, 0x08, 0xc9, 0xc3, 0x55, 0x89, 0xe5,
  0x6a, 0x27, 0xe8, 0x2d, 0xfd, 0xff, 0xff, 0x83, 0xc4, 0x04, 0xc9, 0xc3,
  0x55, 0x89, 0xe5, 0x8b, 0x55, 0x0c, 0x8b, 0x45, 0x08, 0x52, 0x50, 0x6a,
  0x1a, 0xe8, 0x45, 0xfd, 0xff, 0xff, 0x83, 0xc4, 0x0c, 0xc9, 0xc3, 0x55,
  0x89, 0xe5, 0x6a, 0x0f, 0xe8, 0x07, 0xfd, 0xff, 0xff, 0x83, 0xc4, 0x04,
  0xc9, 0xc3, 0x55, 0x89, 0xe5, 0x83, 0xec, 0x10, 0xc7, 0x45, 0xfc, 0x00,
  0x00, 0x00, 0x00, 0x83, 0x7d, 0x08, 0x00, 0x74, 0x06, 0x83, 0x7d, 0x0c,
  0x00, 0x75, 0x2c, 0xb8, 0x00, 0x00, 0x00, 0x00, 0xeb, 0x6d, 0x8b, 0x55,
  0xfc, 0x8b, 0x45, 0x08, 0x01, 0xd0, 0x0f, 0xb6, 0x10, 0x8b, 0x4d, 0xfc,
  0x8b, 0x45, 0x0c, 0x01, 0xc8, 0x0f, 0xb6, 0x00, 0x38, 0xc2, 0x74, 0x07,
  0xb8, 0x00, 0x00, 0x00, 0x00, 0xeb, 0x4c, 0x83, 0x45, 0xfc, 0x01, 0x8b,
  0x55, 0xfc, 0x8b, 0x45, 0x08, 0x01, 0xd0, 0x0f, 0xb6, 0x00, 0x84, 0xc0,
  0x74, 0x0f, 0x8b, 0x55, 0xfc, 0x8b, 0x45, 0x0c, 0x01, 0xd0, 0x0f, 0xb6,
  0x00, 0x84, 0xc0, 0x75, 0xbd, 0x8b, 0x55, 0xfc, 0x8b, 0x45, 0x08, 0x01,
  0xd0, 0x0f, 0xb6, 0x00, 0x84, 0xc0, 0x75, 0x16, 0x8b, 0x55, 0xfc, 0x8b,
  0x45, 0x0c, 0x01, 0xd0, 0x0f, 0xb6, 0x00, 0x84, 0xc0, 0x75, 0x07, 0xb8,
  0x01, 0x00, 0x00, 0x00, 0xeb, 0x05, 0xb8, 0x00, 0x00, 0x00, 0x00, 0xc9,
  0xc3, 0x55, 0x89, 0xe5, 0x68, 0xe4, 0x41, 0x40, 0x00, 0xff, 0x75, 0x08,
  0xe8, 0x61, 0xff, 0xff, 0xff, 0x83, 0xc4, 0x08, 0x85, 0xc0, 0x74, 0x07,
  0xb8, 0x01, 0x00, 0x00, 0x00, 0xeb, 0x20, 0x68, 0xe6, 0x41, 0x40, 0x00,
  0xff, 0x75, 0x08, 0xe8, 0x46, 0xff, 0xff, 0xff, 0x83, 0xc4, 0x08, 0x85,
  0xc0, 0x74, 0x07, 0xb8, 0x01, 0x00, 0x00, 0x00, 0xeb, 0x05, 0xb8, 0x00,
  0x00, 0x00, 0x00, 0xc9, 0xc3, 0x55, 0x89, 0xe5, 0x68, 0xe9, 0x41, 0x40,
  0x00, 0xff, 0x75, 0x08, 0xe8, 0x21, 0xff, 0xff, 0xff, 0x83, 0xc4, 0x08,
  0xc9, 0xc3, 0x55, 0x89, 0xe5, 0x68, 0xeb, 0x41, 0x40, 0x00, 0xff, 0x75,
  0x08, 0xe8, 0x0c, 0xff, 0xff, 0xff, 0x83, 0xc4, 0x08, 0xc9, 0xc3, 0x55,
  0x89, 0xe5, 0x83, 0x7d, 0x08, 0x01, 0x75, 0x0f, 0x68, 0xed, 0x41, 0x40,
  0x00, 0xe8, 0x64, 0xfc, 0xff, 0xff, 0x83, 0xc4, 0x04, 0xeb, 0x61, 0x83,
  0x7d, 0x08, 0x02, 0x75, 0x0f, 0x68, 0xf3, 0x41, 0x40, 0x00, 0xe8, 0x4f,
  0xfc, 0xff, 0xff, 0x83, 0xc4, 0x04, 0xeb, 0x4c, 0x83, 0x7d, 0x08, 0x03,
  0x75, 0x0f, 0x68, 0xfb, 0x41, 0x40, 0x00, 0xe8, 0x3a, 0xfc, 0xff, 0xff,
  0x83, 0xc4, 0x04, 0xeb, 0x37, 0x83, 0x7d, 0x08, 0x04, 0x75, 0x0f, 0x68,
  0x02, 0x42, 0x40, 0x00, 0xe8, 0x25, 0xfc, 0xff, 0xff, 0x83, 0xc4, 0x04,
  0xeb, 0x22, 0x83, 0x7d, 0x08, 0x05, 0x75, 0x0f, 0x68, 0x0a, 0x42, 0x40,
  0x00, 0xe8, 0x10, 0xfc, 0xff, 0xff, 0x83, 0xc4, 0x04, 0xeb, 0x0d, 0x68,
  0x13, 0x42, 0x40, 0x00, 0xe8, 0x01, 0xfc, 0xff, 0xff, 0x83, 0xc4, 0x04,
  0x90, 0xc9, 0xc3, 0x55, 0x89, 0xe5, 0x83, 0xec, 0x10, 0xc7, 0x45, 0xfc,
  0x00, 0x00, 0x00, 0x00, 0x83, 0x7d, 0x08, 0x00, 0x74, 0x06, 0x83, 0x7d,
  0x0c, 0x00, 0x7f, 0x1d, 0xb8, 0xff, 0xff, 0xff, 0xff, 0xeb, 0x28, 0x8b,
  0x45, 0x0c, 0x83, 0xe8, 0x01, 0x39, 0x45, 0xfc, 0x7c, 0x07, 0xb8, 0xff,
  0xff, 0xff, 0xff, 0xeb, 0x16, 0x83, 0x45, 0xfc, 0x01, 0x8b, 0x55, 0xfc,
  0x8b, 0x45, 0x08, 0x01, 0xd0, 0x0f, 0xb6, 0x00, 0x84, 0xc0, 0x75, 0xdb,
  0x8b, 0x45, 0xfc, 0xc9, 0xc3, 0x55, 0x89, 0xe5, 0x83, 0xec, 0x10, 0xc7,
  0x45, 0xf8, 0x00, 0x00, 0x00, 0x00, 0x83, 0x7d, 0x14, 0x00, 0x74, 0x06,
  0x83, 0x7d, 0x18, 0x00, 0x7f, 0x0a, 0xb8, 0xff, 0xff, 0xff, 0xff, 0xe9,
  0xe8, 0x00, 0x00, 0x00, 0x8b, 0x45, 0x14, 0xc6, 0x00, 0x00, 0x8b, 0x45,
  0x10, 0x89, 0x45, 0xfc, 0xe9, 0xbd, 0x00, 0x00, 0x00, 0xc7, 0x45, 0xf4,
  0x00, 0x00, 0x00, 0x00, 0x8b, 0x45, 0xfc, 0x3b, 0x45, 0x10, 0x0f, 0x8e,
  0x89, 0x00, 0x00, 0x00, 0x8b, 0x45, 0x18, 0x83, 0xe8, 0x01, 0x39, 0x45,
  0xf8, 0x7c, 0x18, 0x8b, 0x45, 0x18, 0x8d, 0x50, 0xff, 0x8b, 0x45, 0x14,
  0x01, 0xd0, 0xc6, 0x00, 0x00, 0xb8, 0xfe, 0xff, 0xff, 0xff, 0xe9, 0xa1,
  0x00, 0x00, 0x00, 0x8b, 0x45, 0xf8, 0x8d, 0x50, 0x01, 0x89, 0x55, 0xf8,
  0x89, 0xc2, 0x8b, 0x45, 0x14, 0x01, 0xd0, 0xc6, 0x00, 0x20, 0xeb, 0x51,
  0x8b, 0x45, 0x18, 0x83, 0xe8, 0x01, 0x39, 0x45, 0xf8, 0x7c, 0x15, 0x8b,
  0x45, 0x18, 0x8d, 0x50, 0xff, 0x8b, 0x45, 0x14, 0x01, 0xd0, 0xc6, 0x00,
  0x00, 0xb8, 0xfe, 0xff, 0xff, 0xff, 0xeb, 0x6c, 0x8b, 0x45, 0xfc, 0x8d,
  0x14, 0x85, 0x00, 0x00, 0x00, 0x00, 0x8b, 0x45, 0x0c, 0x01, 0xd0, 0x8b,
  0x08, 0x8b, 0x45, 0xf4, 0x8d, 0x50, 0x01, 0x89, 0x55, 0xf4, 0x01, 0xc1,
  0x8b, 0x45, 0xf8, 0x8d, 0x50, 0x01, 0x89, 0x55, 0xf8, 0x89, 0xc2, 0x8b,
  0x45, 0x14, 0x01, 0xc2, 0x0f, 0xb6, 0x01, 0x88, 0x02, 0x8b, 0x45, 0xfc,
  0x8d, 0x14, 0x85, 0x00, 0x00, 0x00, 0x00, 0x8b, 0x45, 0x0c, 0x01, 0xd0,
  0x8b, 0x10, 0x8b, 0x45, 0xf4, 0x01, 0xd0, 0x0f, 0xb6, 0x00, 0x84, 0xc0,
  0x75, 0x92, 0x83, 0x45, 0xfc, 0x01, 0x8b, 0x45, 0xfc, 0x3b, 0x45, 0x08,
  0x0f, 0x8c, 0x37, 0xff, 0xff, 0xff, 0x8b, 0x55, 0xf8, 0x8b, 0x45, 0x14,
  0x01, 0xd0, 0xc6, 0x00, 0x00, 0x8b, 0x45, 0xf8, 0xc9, 0xc3, 0x55, 0x89,
  0xe5, 0x83, 0xec, 0x10, 0xc7, 0x45, 0xf8, 0x00, 0x00, 0x00, 0x00, 0x83,
  0x7d, 0x18, 0x00, 0x74, 0x06, 0x83, 0x7d, 0x1c, 0x00, 0x7f, 0x0a, 0xb8,
  0xff, 0xff, 0xff, 0xff, 0xe9, 0x11, 0x01, 0x00, 0x00, 0x83, 0x7d, 0x10,
  0x00, 0x79, 0x07, 0xc7, 0x45, 0x10, 0x00, 0x00, 0x00, 0x00, 0x8b, 0x45,
  0x14, 0x3b, 0x45, 0x08, 0x7e, 0x06, 0x8b, 0x45, 0x08, 0x89, 0x45, 0x14,
  0x8b, 0x45, 0x10, 0x3b, 0x45, 0x14, 0x7e, 0x06, 0x8b, 0x45, 0x14, 0x89,
  0x45, 0x10, 0x8b, 0x45, 0x18, 0xc6, 0x00, 0x00, 0x8b, 0x45, 0x10, 0x89,
  0x45, 0xfc, 0xe9, 0xbd, 0x00, 0x00, 0x00, 0xc7, 0x45, 0xf4, 0x00, 0x00,
  0x00, 0x00, 0x8b, 0x45, 0xfc, 0x3b, 0x45, 0x10, 0x0f, 0x8e, 0x89, 0x00,
  0x00, 0x00, 0x8b, 0x45, 0x1c, 0x83, 0xe8, 0x01, 0x39, 0x45, 0xf8, 0x7c,
  0x18, 0x8b, 0x45, 0x1c, 0x8d, 0x50, 0xff, 0x8b, 0x45, 0x18, 0x01, 0xd0,
  0xc6, 0x00, 0x00, 0xb8, 0xfe, 0xff, 0xff, 0xff, 0xe9, 0xa1, 0x00, 0x00,
  0x00, 0x8b, 0x45, 0xf8, 0x8d, 0x50, 0x01, 0x89, 0x55, 0xf8, 0x89, 0xc2,
  0x8b, 0x45, 0x18, 0x01, 0xd0, 0xc6, 0x00, 0x20, 0xeb, 0x51, 0x8b, 0x45,
  0x1c, 0x83, 0xe8, 0x01, 0x39, 0x45, 0xf8, 0x7c, 0x15, 0x8b, 0x45, 0x1c,
  0x8d, 0x50, 0xff, 0x8b, 0x45, 0x18, 0x01, 0xd0, 0xc6, 0x00, 0x00, 0xb8,
  0xfe, 0xff, 0xff, 0xff, 0xeb, 0x6c, 0x8b, 0x45, 0xfc, 0x8d, 0x14, 0x85,
  0x00, 0x00, 0x00, 0x00, 0x8b, 0x45, 0x0c, 0x01, 0xd0, 0x8b, 0x08, 0x8b,
  0x45, 0xf4, 0x8d, 0x50, 0x01, 0x89, 0x55, 0xf4, 0x01, 0xc1, 0x8b, 0x45,
  0xf8, 0x8d, 0x50, 0x01, 0x89, 0x55, 0xf8, 0x89, 0xc2, 0x8b, 0x45, 0x18,
  0x01, 0xc2, 0x0f, 0xb6, 0x01, 0x88, 0x02, 0x8b, 0x45, 0xfc, 0x8d, 0x14,
  0x85, 0x00, 0x00, 0x00, 0x00, 0x8b, 0x45, 0x0c, 0x01, 0xd0, 0x8b, 0x10,
  0x8b, 0x45, 0xf4, 0x01, 0xd0, 0x0f, 0xb6, 0x00, 0x84, 0xc0, 0x75, 0x92,
  0x83, 0x45, 0xfc, 0x01, 0x8b, 0x45, 0xfc, 0x3b, 0x45, 0x14, 0x0f, 0x8c,
  0x37, 0xff, 0xff, 0xff, 0x8b, 0x55, 0xf8, 0x8b, 0x45, 0x18, 0x01, 0xd0,
  0xc6, 0x00, 0x00, 0x8b, 0x45, 0xf8, 0xc9, 0xc3, 0x55, 0x89, 0xe5, 0x83,
  0xec, 0x10, 0xc7, 0x45, 0xf8, 0xff, 0xff, 0xff, 0xff, 0xc7, 0x45, 0xf4,
  0x00, 0x00, 0x00, 0x00, 0x83, 0x7d, 0x10, 0x00, 0x74, 0x06, 0x83, 0x7d,
  0x14, 0x00, 0x75, 0x0a, 0xb8, 0xff, 0xff, 0xff, 0xff, 0xe9, 0x80, 0x00,
  0x00, 0x00, 0xc7, 0x45, 0xfc, 0x00, 0x00, 0x00, 0x00, 0xeb, 0x5a, 0x8b,
  0x45, 0xfc, 0x8d, 0x14, 0x85, 0x00, 0x00, 0x00, 0x00, 0x8b, 0x45, 0x0c,
  0x01, 0xd0, 0x8b, 0x00, 0x50, 0xe8, 0x43, 0xfc, 0xff, 0xff, 0x83, 0xc4,
  0x04, 0x85, 0xc0, 0x74, 0x37, 0x83, 0x7d, 0xf8, 0x00, 0x78, 0x07, 0xb8,
  0xfe, 0xff, 0xff, 0xff, 0xeb, 0x4c, 0x8b, 0x45, 0xfc, 0x89, 0x45, 0xf8,
  0x8b, 0x45, 0xfc, 0x8d, 0x14, 0x85, 0x00, 0x00, 0x00, 0x00, 0x8b, 0x45,
  0x0c, 0x01, 0xd0, 0x8b, 0x00, 0x68, 0xe6, 0x41, 0x40, 0x00, 0x50, 0xe8,
  0x7e, 0xfb, 0xff, 0xff, 0x83, 0xc4, 0x08, 0x89, 0x45, 0xf4, 0xeb, 0x01,
  0x90, 0x83, 0x45, 0xfc, 0x01, 0x8b, 0x45, 0xfc, 0x3b, 0x45, 0x08, 0x7c,
  0x9e, 0x8b, 0x45, 0x10, 0x8b, 0x55, 0xf8, 0x89, 0x10, 0x8b, 0x45, 0x14,
  0x8b, 0x55, 0xf4, 0x89, 0x10, 0xb8, 0x00, 0x00, 0x00, 0x00, 0xc9, 0xc3,
  0x55, 0x89, 0xe5, 0x83, 0xec, 0x10, 0xc7, 0x45, 0xf8, 0xff, 0xff, 0xff,
  0xff, 0x83, 0x7d, 0x10, 0x00, 0x75, 0x07, 0xb8, 0xff, 0xff, 0xff, 0xff,
  0xeb, 0x56, 0xc7, 0x45, 0xfc, 0x00, 0x00, 0x00, 0x00, 0xeb, 0x38, 0x8b,
  0x45, 0xfc, 0x8d, 0x14, 0x85, 0x00, 0x00, 0x00, 0x00, 0x8b, 0x45, 0x0c,
  0x01, 0xd0, 0x8b, 0x00, 0x50, 0xe8, 0xe7, 0xfb, 0xff, 0xff, 0x83, 0xc4,
  0x04, 0x85, 0xc0, 0x74, 0x15, 0x83, 0x7d, 0xf8, 0x00, 0x78, 0x07, 0xb8,
  0xfe, 0xff, 0xff, 0xff, 0xeb, 0x22, 0x8b, 0x45, 0xfc, 0x89, 0x45, 0xf8,
  0xeb, 0x01, 0x90, 0x83, 0x45, 0xfc, 0x01, 0x8b, 0x45, 0xfc, 0x3b, 0x45,
  0x08, 0x7c, 0xc0, 0x8b, 0x45, 0x10, 0x8b, 0x55, 0xf8, 0x89, 0x10, 0xb8,
  0x00, 0x00, 0x00, 0x00, 0xc9, 0xc3, 0x55, 0x89, 0xe5, 0x83, 0xec, 0x10,
  0xc7, 0x45, 0xf8, 0xff, 0xff, 0xff, 0xff, 0x83, 0x7d, 0x10, 0x00, 0x75,
  0x07, 0xb8, 0xff, 0xff, 0xff, 0xff, 0xeb, 0x56, 0xc7, 0x45, 0xfc, 0x00,
  0x00, 0x00, 0x00, 0xeb, 0x38, 0x8b, 0x45, 0xfc, 0x8d, 0x14, 0x85, 0x00,
  0x00, 0x00, 0x00, 0x8b, 0x45, 0x0c, 0x01, 0xd0, 0x8b, 0x00, 0x50, 0xe8,
  0x8a, 0xfb, 0xff, 0xff, 0x83, 0xc4, 0x04, 0x85, 0xc0, 0x74, 0x15, 0x83,
  0x7d, 0xf8, 0x00, 0x78, 0x07, 0xb8, 0xfe, 0xff, 0xff, 0xff, 0xeb, 0x22,
  0x8b, 0x45, 0xfc, 0x89, 0x45, 0xf8, 0xeb, 0x01, 0x90, 0x83, 0x45, 0xfc,
  0x01, 0x8b, 0x45, 0xfc, 0x3b, 0x45, 0x08, 0x7c, 0xc0, 0x8b, 0x45, 0x10,
  0x8b, 0x55, 0xf8, 0x89, 0x10, 0xb8, 0x00, 0x00, 0x00, 0x00, 0xc9, 0xc3,
  0x55, 0x89, 0xe5, 0x83, 0xec, 0x10, 0xc7, 0x45, 0xfc, 0x00, 0x00, 0x00,
  0x00, 0x83, 0x7d, 0x10, 0x00, 0x74, 0x06, 0x83, 0x7d, 0x14, 0x00, 0x7f,
  0x07, 0xb8, 0xff, 0xff, 0xff, 0xff, 0xeb, 0x62, 0xc7, 0x45, 0xf8, 0x00,
  0x00, 0x00, 0x00, 0xeb, 0x4e, 0x8b, 0x45, 0xf8, 0x8d, 0x14, 0x85, 0x00,
  0x00, 0x00, 0x00, 0x8b, 0x45, 0x0c, 0x01, 0xd0, 0x8b, 0x00, 0x50, 0xe8,
  0x12, 0xfb, 0xff, 0xff, 0x83, 0xc4, 0x04, 0x85, 0xc0, 0x74, 0x2b, 0x8b,
  0x45, 0xfc, 0x3b, 0x45, 0x14, 0x7c, 0x07, 0xb8, 0xfe, 0xff, 0xff, 0xff,
  0xeb, 0x2c, 0x8b, 0x45, 0xfc, 0x8d, 0x50, 0x01, 0x89, 0x55, 0xfc, 0x8d,
  0x14, 0x85, 0x00, 0x00, 0x00, 0x00, 0x8b, 0x45, 0x10, 0x01, 0xc2, 0x8b,
  0x45, 0xf8, 0x89, 0x02, 0xeb, 0x01, 0x90, 0x83, 0x45, 0xf8, 0x01, 0x8b,
  0x45, 0xf8, 0x3b, 0x45, 0x08, 0x7c, 0xaa, 0x8b, 0x45, 0xfc, 0xc9, 0xc3,
  0x55, 0x89, 0xe5, 0x83, 0xec, 0x10, 0xc7, 0x45, 0xf8, 0x00, 0x00, 0x00,
  0x00, 0xc7, 0x45, 0xf4, 0x00, 0x00, 0x00, 0x00, 0x83, 0x7d, 0x1c, 0x00,
  0x75, 0x0a, 0xb8, 0xff, 0xff, 0xff, 0xff, 0xe9, 0xaa, 0x02, 0x00, 0x00,
  0x8b, 0x45, 0x18, 0xf7, 0xd0, 0xc1, 0xe8, 0x1f, 0x0f, 0xb6, 0xd0, 0x8b,
  0x45, 0x1c, 0x89, 0x10, 0x8b, 0x45, 0x1c, 0x8b, 0x55, 0x18, 0x89, 0x50,
  0x04, 0x8b, 0x45, 0x1c, 0xc7, 0x40, 0x08, 0x00, 0x00, 0x00, 0x00, 0x8b,
  0x45, 0x10, 0xf7, 0xd0, 0xc1, 0xe8, 0x1f, 0x0f, 0xb6, 0xd0, 0x8b, 0x45,
  0x1c, 0x89, 0x50, 0x0c, 0x8b, 0x45, 0x1c, 0x8b, 0x55, 0x10, 0x89, 0x50,
  0x10, 0x8b, 0x45, 0x1c, 0x8b, 0x55, 0x14, 0x89, 0x50, 0x14, 0x8b, 0x45,
  0x1c, 0xc7, 0x40, 0x18, 0x00, 0x00, 0x00, 0x00, 0x8b, 0x45, 0x1c, 0xc7,
  0x40, 0x1c, 0xff, 0xff, 0xff, 0xff, 0x8b, 0x45, 0x1c, 0x8b, 0x00, 0x85,
  0xc0, 0x75, 0x14, 0x8b, 0x45, 0x1c, 0x8b, 0x40, 0x0c, 0x85, 0xc0, 0x75,
  0x0a, 0xb8, 0x00, 0x00, 0x00, 0x00, 0xe9, 0x33, 0x02, 0x00, 0x00, 0x8b,
  0x45, 0x1c, 0x8b, 0x00, 0x85, 0xc0, 0x74, 0x1d, 0x8b, 0x45, 0x1c, 0x8b,
  0x40, 0x0c, 0x85, 0xc0, 0x74, 0x13, 0x8b, 0x55, 0x10, 0x8b, 0x45, 0x18,
  0x39, 0xc2, 0x0f, 0x4f, 0xd0, 0x8b, 0x45, 0x1c, 0x89, 0x50, 0x1c, 0xeb,
  0x1d, 0x8b, 0x45, 0x1c, 0x8b, 0x00, 0x85, 0xc0, 0x74, 0x0b, 0x8b, 0x45,
  0x1c, 0x8b, 0x55, 0x18, 0x89, 0x50, 0x1c, 0xeb, 0x09, 0x8b, 0x45, 0x1c,
  0x8b, 0x55, 0x10, 0x89, 0x50, 0x1c, 0x8b, 0x45, 0x1c, 0x8b, 0x40, 0x1c,
  0x89, 0x45, 0xfc, 0xe9, 0xa4, 0x01, 0x00, 0x00, 0x8b, 0x45, 0xfc, 0x8d,
  0x14, 0x85, 0x00, 0x00, 0x00, 0x00, 0x8b, 0x45, 0x0c, 0x01, 0xd0, 0x8b,
  0x00, 0x50, 0xe8, 0xb6, 0xf9, 0xff, 0xff, 0x83, 0xc4, 0x04, 0x85, 0xc0,
  0x0f, 0x84, 0xaf, 0x00, 0x00, 0x00, 0x8b, 0x45, 0x1c, 0x8b, 0x00, 0x85,
  0xc0, 0x74, 0x11, 0x8b, 0x45, 0x1c, 0x8b, 0x40, 0x04, 0x39, 0x45, 0xfc,
  0x75, 0x06, 0x83, 0x7d, 0xf8, 0x00, 0x74, 0x0a, 0xb8, 0xfe, 0xff, 0xff,
  0xff, 0xe9, 0x9c, 0x01, 0x00, 0x00, 0x8b, 0x45, 0xfc, 0x83, 0xc0, 0x01,
  0x39, 0x45, 0x08, 0x7f, 0x0a, 0xb8, 0xfd, 0xff, 0xff, 0xff, 0xe9, 0x87,
  0x01, 0x00, 0x00, 0x8b, 0x45, 0xfc, 0x83, 0xc0, 0x01, 0x8d, 0x14, 0x85,
  0x00, 0x00, 0x00, 0x00, 0x8b, 0x45, 0x0c, 0x01, 0xd0, 0x8b, 0x00, 0x50,
  0xe8, 0x58, 0xf9, 0xff, 0xff, 0x83, 0xc4, 0x04, 0x85, 0xc0, 0x75, 0x21,
  0x8b, 0x45, 0xfc, 0x83, 0xc0, 0x01, 0x8d, 0x14, 0x85, 0x00, 0x00, 0x00,
  0x00, 0x8b, 0x45, 0x0c, 0x01, 0xd0, 0x8b, 0x00, 0x50, 0xe8, 0xf7, 0xf8,
  0xff, 0xff, 0x83, 0xc4, 0x04, 0x85, 0xc0, 0x74, 0x0a, 0xb8, 0xfd, 0xff,
  0xff, 0xff, 0xe9, 0x3b, 0x01, 0x00, 0x00, 0x8b, 0x45, 0xfc, 0x83, 0xc0,
  0x01, 0x8d, 0x14, 0x85, 0x00, 0x00, 0x00, 0x00, 0x8b, 0x45, 0x0c, 0x01,
  0xd0, 0x8b, 0x10, 0x8b, 0x45, 0x1c, 0x89, 0x50, 0x08, 0xc7, 0x45, 0xf8,
  0x01, 0x00, 0x00, 0x00, 0x83, 0x45, 0xfc, 0x02, 0xe9, 0xd3, 0x00, 0x00,
  0x00, 0x8b, 0x45, 0xfc, 0x8d, 0x14, 0x85, 0x00, 0x00, 0x00, 0x00, 0x8b,
  0x45, 0x0c, 0x01, 0xd0, 0x8b, 0x00, 0x50, 0xe8, 0xa5, 0xf8, 0xff, 0xff,
  0x83, 0xc4, 0x04, 0x85, 0xc0, 0x0f, 0x84, 0xaa, 0x00, 0x00, 0x00, 0x8b,
  0x45, 0x1c, 0x8b, 0x40, 0x0c, 0x85, 0xc0, 0x74, 0x11, 0x8b, 0x45, 0x1c,
  0x8b, 0x40, 0x10, 0x39, 0x45, 0xfc, 0x75, 0x06, 0x83, 0x7d, 0xf4, 0x00,
  0x74, 0x0a, 0xb8, 0xfc, 0xff, 0xff, 0xff, 0xe9, 0xca, 0x00, 0x00, 0x00,
  0x8b, 0x45, 0xfc, 0x83, 0xc0, 0x01, 0x39, 0x45, 0x08, 0x7f, 0x0a, 0xb8,
  0xfb, 0xff, 0xff, 0xff, 0xe9, 0xb5, 0x00, 0x00, 0x00, 0x8b, 0x45, 0xfc,
  0x83, 0xc0, 0x01, 0x8d, 0x14, 0x85, 0x00, 0x00, 0x00, 0x00, 0x8b, 0x45,
  0x0c, 0x01, 0xd0, 0x8b, 0x00, 0x50, 0xe8, 0x86, 0xf8, 0xff, 0xff, 0x83,
  0xc4, 0x04, 0x85, 0xc0, 0x75, 0x21, 0x8b, 0x45, 0xfc, 0x83, 0xc0, 0x01,
  0x8d, 0x14, 0x85, 0x00, 0x00, 0x00, 0x00, 0x8b, 0x45, 0x0c, 0x01, 0xd0,
  0x8b, 0x00, 0x50, 0xe8, 0x25, 0xf8, 0xff, 0xff, 0x83, 0xc4, 0x04, 0x85,
  0xc0, 0x74, 0x07, 0xb8, 0xfb, 0xff, 0xff, 0xff, 0xeb, 0x6c, 0x8b, 0x45,
  0xfc, 0x83, 0xc0, 0x01, 0x8d, 0x14, 0x85, 0x00, 0x00, 0x00, 0x00, 0x8b,
  0x45, 0x0c, 0x01, 0xd0, 0x8b, 0x10, 0x8b, 0x45, 0x1c, 0x89, 0x50, 0x18,
  0xc7, 0x45, 0xf4, 0x01, 0x00, 0x00, 0x00, 0x83, 0x45, 0xfc, 0x02, 0xeb,
  0x07, 0xb8, 0xfa, 0xff, 0xff, 0xff, 0xeb, 0x3e, 0x8b, 0x45, 0xfc, 0x3b,
  0x45, 0x08, 0x0f, 0x8c, 0x50, 0xfe, 0xff, 0xff, 0x8b, 0x45, 0x1c, 0x8b,
  0x00, 0x85, 0xc0, 0x74, 0x0d, 0x83, 0x7d, 0xf8, 0x00, 0x75, 0x07, 0xb8,
  0xf9, 0xff, 0xff, 0xff, 0xeb, 0x1c, 0x8b, 0x45, 0x1c, 0x8b, 0x40, 0x0c,
  0x85, 0xc0, 0x74, 0x0d, 0x83, 0x7d, 0xf4, 0x00, 0x75, 0x07, 0xb8, 0xf8,
  0xff, 0xff, 0xff, 0xeb, 0x05, 0xb8, 0x00, 0x00, 0x00, 0x00, 0xc9, 0xc3,
  0x55, 0x89, 0xe5, 0x83, 0x7d, 0x0c, 0x00, 0x75, 0x05, 0x8b, 0x45, 0x08,
  0xeb, 0x20, 0x8b, 0x45, 0x0c, 0x8b, 0x40, 0x1c, 0x85, 0xc0, 0x7e, 0x13,
  0x8b, 0x45, 0x0c, 0x8b, 0x40, 0x1c, 0x39, 0x45, 0x08, 0x7e, 0x08, 0x8b,
  0x45, 0x0c, 0x8b, 0x40, 0x1c, 0xeb, 0x03, 0x8b, 0x45, 0x08, 0x5d, 0xc3,
  0x55, 0x89, 0xe5, 0x83, 0x7d, 0x08, 0xfd, 0x74, 0x06, 0x83, 0x7d, 0x08,
  0xf9, 0x75, 0x0f, 0x68, 0x1b, 0x42, 0x40, 0x00, 0xe8, 0x41, 0xf4, 0xff,
  0xff, 0x83, 0xc4, 0x04, 0xeb, 0x28, 0x83, 0x7d, 0x08, 0xfb, 0x74, 0x06,
  0x83, 0x7d, 0x08, 0xf8, 0x75, 0x0f, 0x68, 0x3c, 0x42, 0x40, 0x00, 0xe8,
  0x26, 0xf4, 0xff, 0xff, 0x83, 0xc4, 0x04, 0xeb, 0x0d, 0x68, 0x5b, 0x42,
  0x40, 0x00, 0xe8, 0x17, 0xf4, 0xff, 0xff, 0x83, 0xc4, 0x04, 0xc9, 0xc3,
  0x55, 0x89, 0xe5, 0x83, 0xec, 0x10, 0x83, 0x7d, 0x08, 0x00, 0x74, 0x0a,
  0x8b, 0x45, 0x08, 0x0f, 0xb6, 0x00, 0x84, 0xc0, 0x75, 0x07, 0xb8, 0xff,
  0xff, 0xff, 0xff, 0xeb, 0x40, 0x8d, 0x45, 0xf4, 0x50, 0xff, 0x75, 0x08,
  0xe8, 0x53, 0xf6, 0xff, 0xff, 0x83, 0xc4, 0x08, 0x89, 0x45, 0xfc, 0x83,
  0x7d, 0xfc, 0x00, 0x75, 0x16, 0x8b, 0x45, 0xf8, 0x83, 0xf8, 0x02, 0x74,
  0x07, 0xb8, 0xfe, 0xff, 0xff, 0xff, 0xeb, 0x19, 0xb8, 0x00, 0x00, 0x00,
  0x00, 0xeb, 0x12, 0x83, 0x7d, 0x0c, 0x00, 0x74, 0x07, 0xb8, 0xfd, 0xff,
  0xff, 0xff, 0xeb, 0x05, 0xb8, 0x00, 0x00, 0x00, 0x00, 0xc9, 0xc3, 0x55,
  0x89, 0xe5, 0x83, 0xec, 0x10, 0x83, 0x7d, 0x08, 0x00, 0x74, 0x0a, 0x8b,
  0x45, 0x08, 0x0f, 0xb6, 0x00, 0x84, 0xc0, 0x75, 0x07, 0xb8, 0xff, 0xff,
  0xff, 0xff, 0xeb, 0x1f, 0x8d, 0x45, 0xf8, 0x50, 0xff, 0x75, 0x08, 0xe8,
  0xf4, 0xf5, 0xff, 0xff, 0x83, 0xc4, 0x08, 0x85, 0xc0, 0x79, 0x07, 0xb8,
  0xfe, 0xff, 0xff, 0xff, 0xeb, 0x05, 0xb8, 0x00, 0x00, 0x00, 0x00, 0xc9,
  0xc3, 0x55, 0x89, 0xe5, 0x81, 0xec, 0x10, 0x01, 0x00, 0x00, 0x83, 0x7d,
  0x10, 0x00, 0x7f, 0x12, 0x68, 0x5b, 0x42, 0x40, 0x00, 0xe8, 0x5c, 0xf3,
  0xff, 0xff, 0x83, 0xc4, 0x04, 0xe9, 0x43, 0x01, 0x00, 0x00, 0x8b, 0x45,
  0x10, 0x83, 0xc0, 0x01, 0x39, 0x45, 0x08, 0x7f, 0x12, 0x68, 0x3c, 0x42,
  0x40, 0x00, 0xe8, 0x3f, 0xf3, 0xff, 0xff, 0x83, 0xc4, 0x04, 0xe9, 0x26,
  0x01, 0x00, 0x00, 0x8b, 0x45, 0x10, 0x83, 0xc0, 0x02, 0x39, 0x45, 0x08,
  0x74, 0x12, 0x68, 0x78, 0x42, 0x40, 0x00, 0xe8, 0x22, 0xf3, 0xff, 0xff,
  0x83, 0xc4, 0x04, 0xe9, 0x09, 0x01, 0x00, 0x00, 0x68, 0x01, 0x01, 0x00,
  0x00, 0x8d, 0x85, 0xfb, 0xfe, 0xff, 0xff, 0x50, 0xff, 0x75, 0x10, 0x6a,
  0x01, 0xff, 0x75, 0x0c, 0xff, 0x75, 0x08, 0xe8, 0x5a, 0xf8, 0xff, 0xff,
  0x83, 0xc4, 0x18, 0x85, 0xc0, 0x79, 0x12, 0x68, 0xa2, 0x42, 0x40, 0x00,
  0xe8, 0xed, 0xf2, 0xff, 0xff, 0x83, 0xc4, 0x04, 0xe9, 0xd4, 0x00, 0x00,
  0x00, 0x83, 0x7d, 0x14, 0x00, 0x74, 0x43, 0x8b, 0x45, 0x10, 0x83, 0xc0,
  0x01, 0x8d, 0x14, 0x85, 0x00, 0x00, 0x00, 0x00, 0x8b, 0x45, 0x0c, 0x01,
  0xd0, 0x8b, 0x00, 0x8d, 0x95, 0xfb, 0xfe, 0xff, 0xff, 0x52, 0x50, 0xe8,
  0x65, 0xf4, 0xff, 0xff, 0x83, 0xc4, 0x08, 0x89, 0x45, 0xfc, 0x83, 0x7d,
  0xfc, 0x00, 0x0f, 0x89, 0x9c, 0x00, 0x00, 0x00, 0x68, 0xbb, 0x42, 0x40,
  0x00, 0xe8, 0xa4, 0xf2, 0xff, 0xff, 0x83, 0xc4, 0x04, 0xe9, 0x8a, 0x00,
  0x00, 0x00, 0x8b, 0x45, 0x10, 0x83, 0xc0, 0x01, 0x8d, 0x14, 0x85, 0x00,
  0x00, 0x00, 0x00, 0x8b, 0x45, 0x0c, 0x01, 0xd0, 0x8b, 0x00, 0x8d, 0x95,
  0xfb, 0xfe, 0xff, 0xff, 0x52, 0x50, 0xe8, 0xf8, 0xf3, 0xff, 0xff, 0x83,
  0xc4, 0x08, 0x89, 0x45, 0xfc, 0x83, 0x7d, 0xfc, 0xfd, 0x75, 0x48, 0x8b,
  0x45, 0x10, 0x83, 0xc0, 0x01, 0x8d, 0x14, 0x85, 0x00, 0x00, 0x00, 0x00,
  0x8b, 0x45, 0x0c, 0x01, 0xd0, 0x8b, 0x00, 0x50, 0xe8, 0xbf, 0xf3, 0xff,
  0xff, 0x83, 0xc4, 0x04, 0x85, 0xc0, 0x78, 0x27, 0x8b, 0x45, 0x10, 0x83,
  0xc0, 0x01, 0x8d, 0x14, 0x85, 0x00, 0x00, 0x00, 0x00, 0x8b, 0x45, 0x0c,
  0x01, 0xd0, 0x8b, 0x00, 0x8d, 0x95, 0xfb, 0xfe, 0xff, 0xff, 0x52, 0x50,
  0xe8, 0xaa, 0xf3, 0xff, 0xff, 0x83, 0xc4, 0x08, 0x89, 0x45, 0xfc, 0x83,
  0x7d, 0xfc, 0x00, 0x79, 0x10, 0x68, 0xd3, 0x42, 0x40, 0x00, 0xe8, 0x17,
  0xf2, 0xff, 0xff, 0x83, 0xc4, 0x04, 0xeb, 0x01, 0x90, 0xc9, 0xc3, 0x55,
  0x89, 0xe5, 0x83, 0xec, 0x20, 0xc7, 0x45, 0xfc, 0x00, 0x00, 0x00, 0x00,
  0x83, 0x7d, 0x08, 0x00, 0x75, 0x12, 0x68, 0xea, 0x42, 0x40, 0x00, 0xe8,
  0xf2, 0xf1, 0xff, 0xff, 0x83, 0xc4, 0x04, 0xe9, 0x97, 0x00, 0x00, 0x00,
  0x83, 0x7d, 0x08, 0x00, 0x79, 0x17, 0x68, 0xec, 0x42, 0x40, 0x00, 0xe8,
  0xda, 0xf1, 0xff, 0xff, 0x83, 0xc4, 0x04, 0x8b, 0x45, 0x08, 0xf7, 0xd8,
  0x89, 0x45, 0xf8, 0xeb, 0x4a, 0x8b, 0x45, 0x08, 0x89, 0x45, 0xf8, 0xeb,
  0x42, 0x8b, 0x4d, 0xf8, 0xba, 0xcd, 0xcc, 0xcc, 0xcc, 0x89, 0xc8, 0xf7,
  0xe2, 0xc1, 0xea, 0x03, 0x89, 0xd0, 0xc1, 0xe0, 0x02, 0x01, 0xd0, 0x01,
  0xc0, 0x29, 0xc1, 0x89, 0xca, 0x89, 0xd0, 0x8d, 0x48, 0x30, 0x8b, 0x45,
  0xfc, 0x8d, 0x50, 0x01, 0x89, 0x55, 0xfc, 0x89, 0xca, 0x88, 0x54, 0x05,
  0xe8, 0x8b, 0x45, 0xf8, 0xba, 0xcd, 0xcc, 0xcc, 0xcc, 0xf7, 0xe2, 0x89,
  0xd0, 0xc1, 0xe8, 0x03, 0x89, 0x45, 0xf8, 0x83, 0x7d, 0xf8, 0x00, 0x75,
  0xb8, 0xeb, 0x22, 0x83, 0x6d, 0xfc, 0x01, 0x8d, 0x55, 0xe8, 0x8b, 0x45,
  0xfc, 0x01, 0xd0, 0x0f, 0xb6, 0x00, 0x88, 0x45, 0xe6, 0xc6, 0x45, 0xe7,
  0x00, 0x8d, 0x45, 0xe6, 0x50, 0xe8, 0x5c, 0xf1, 0xff, 0xff, 0x83, 0xc4,
  0x04, 0x83, 0x7d, 0xfc, 0x00, 0x7f, 0xd8, 0xc9, 0xc3, 0x55, 0x89, 0xe5,
  0x83, 0xec, 0x10, 0xc7, 0x45, 0xfc, 0x00, 0x00, 0x00, 0x00, 0xc7, 0x45,
  0xf8, 0x00, 0x00, 0x00, 0x00, 0x83, 0x7d, 0x08, 0x00, 0x74, 0x10, 0x8b,
  0x45, 0x08, 0x0f, 0xb6, 0x00, 0x84, 0xc0, 0x74, 0x06, 0x83, 0x7d, 0x0c,
  0x00, 0x75, 0x54, 0xb8, 0x00, 0x00, 0x00, 0x00, 0xeb, 0x69, 0x8b, 0x55,
  0xf8, 0x8b, 0x45, 0x08, 0x01, 0xd0, 0x0f, 0xb6, 0x00, 0x3c, 0x2f, 0x7e,
  0x0f, 0x8b, 0x55, 0xf8, 0x8b, 0x45, 0x08, 0x01, 0xd0, 0x0f, 0xb6, 0x00,
  0x3c, 0x39, 0x7e, 0x07, 0xb8, 0x00, 0x00, 0x00, 0x00, 0xeb, 0x44, 0x8b,
  0x55, 0xfc, 0x89, 0xd0, 0xc1, 0xe0, 0x02, 0x01, 0xd0, 0x01, 0xc0, 0x89,
  0xc1, 0x8b, 0x55, 0xf8, 0x8b, 0x45, 0x08, 0x01, 0xd0, 0x0f, 0xb6, 0x00,
  0x0f, 0xbe, 0xc0, 0x83, 0xe8, 0x30, 0x01, 0xc8, 0x89, 0x45, 0xfc, 0x83,
  0x45, 0xf8, 0x01, 0x8b, 0x55, 0xf8, 0x8b, 0x45, 0x08, 0x01, 0xd0, 0x0f,
  0xb6, 0x00, 0x84, 0xc0, 0x75, 0xa4, 0x8b, 0x45, 0x0c, 0x8b, 0x55, 0xfc,
  0x89, 0x10, 0xb8, 0x01, 0x00, 0x00, 0x00, 0xc9, 0xc3, 0x55, 0x89, 0xe5,
  0x83, 0xec, 0x10, 0xc7, 0x45, 0xfc, 0x00, 0x00, 0x00, 0x00, 0xc7, 0x45,
  0xf8, 0x00, 0x00, 0x00, 0x00, 0x83, 0x7d, 0x08, 0x00, 0x74, 0x06, 0x83,
  0x7d, 0x0c, 0x00, 0x75, 0x0a, 0xb8, 0x00, 0x00, 0x00, 0x00, 0xe9, 0xe1,
  0x00, 0x00, 0x00, 0x8b, 0x45, 0x08, 0x0f, 0xb6, 0x00, 0x3c, 0x2f, 0x75,
  0x04, 0x83, 0x45, 0xfc, 0x01, 0x8b, 0x45, 0x0c, 0x0f, 0xb6, 0x00, 0x3c,
  0x2f, 0x75, 0x0a, 0x83, 0x45, 0xf8, 0x01, 0xeb, 0x04, 0x83, 0x45, 0xfc,
  0x01, 0x8b, 0x55, 0xfc, 0x8b, 0x45, 0x08, 0x01, 0xd0, 0x0f, 0xb6, 0x00,
  0x3c, 0x2e, 0x74, 0xed, 0xeb, 0x04, 0x83, 0x45, 0xf8, 0x01, 0x8b, 0x55,
  0xf8, 0x8b, 0x45, 0x0c, 0x01, 0xd0, 0x0f, 0xb6, 0x00, 0x3c, 0x2e, 0x74,
  0xed, 0x8b, 0x55, 0xfc, 0x8b, 0x45, 0x08, 0x01, 0xd0, 0x0f, 0xb6, 0x00,
  0x84, 0xc0, 0x74, 0x3e, 0x8b, 0x55, 0xf8, 0x8b, 0x45, 0x0c, 0x01, 0xd0,
  0x0f, 0xb6, 0x00, 0x84, 0xc0, 0x74, 0x2f, 0x8b, 0x55, 0xfc, 0x8b, 0x45,
  0x08, 0x01, 0xd0, 0x0f, 0xb6, 0x10, 0x8b, 0x4d, 0xf8, 0x8b, 0x45, 0x0c,
  0x01, 0xc8, 0x0f, 0xb6, 0x00, 0x38, 0xc2, 0x74, 0x07, 0xb8, 0x00, 0x00,
  0x00, 0x00, 0xeb, 0x5c, 0x83, 0x45, 0xfc, 0x01, 0x83, 0x45, 0xf8, 0x01,
  0xeb, 0x93, 0x83, 0x45, 0xfc, 0x01, 0x8b, 0x55, 0xfc, 0x8b, 0x45, 0x08,
  0x01, 0xd0, 0x0f, 0xb6, 0x00, 0x3c, 0x2e, 0x74, 0xed, 0xeb, 0x04, 0x83,
  0x45, 0xf8, 0x01, 0x8b, 0x55, 0xf8, 0x8b, 0x45, 0x0c, 0x01, 0xd0, 0x0f,
  0xb6, 0x00, 0x3c, 0x2e, 0x74, 0xed, 0x8b, 0x55, 0xfc, 0x8b, 0x45, 0x08,
  0x01, 0xd0, 0x0f, 0xb6, 0x00, 0x84, 0xc0, 0x75, 0x16, 0x8b, 0x55, 0xf8,
  0x8b, 0x45, 0x0c, 0x01, 0xd0, 0x0f, 0xb6, 0x00, 0x84, 0xc0, 0x75, 0x07,
  0xb8, 0x01, 0x00, 0x00, 0x00, 0xeb, 0x05, 0xb8, 0x00, 0x00, 0x00, 0x00,
  0xc9, 0xc3, 0x55, 0x89, 0xe5, 0xb8, 0x03, 0x00, 0x00, 0x00, 0x5d, 0xc3,
  0x55, 0x89, 0xe5, 0x83, 0x7d, 0x08, 0x00, 0x78, 0x06, 0x83, 0x7d, 0x08,
  0x02, 0x7e, 0x07, 0xb8, 0x00, 0x00, 0x00, 0x00, 0xeb, 0x11, 0x8b, 0x55,
  0x08, 0x89, 0xd0, 0x01, 0xc0, 0x01, 0xd0, 0xc1, 0xe0, 0x02, 0x05, 0xc0,
  0x41, 0x40, 0x00, 0x5d, 0xc3, 0x55, 0x89, 0xe5, 0x83, 0xec, 0x10, 0x83,
  0x7d, 0x08, 0x00, 0x74, 0x0a, 0x8b, 0x45, 0x08, 0x0f, 0xb6, 0x00, 0x84,
  0xc0, 0x75, 0x07, 0xb8, 0x00, 0x00, 0x00, 0x00, 0xeb, 0x4a, 0xc7, 0x45,
  0xfc, 0x00, 0x00, 0x00, 0x00, 0xeb, 0x32, 0xff, 0x75, 0xfc, 0xe8, 0xa9,
  0xff, 0xff, 0xff, 0x83, 0xc4, 0x04, 0x89, 0x45, 0xf8, 0x83, 0x7d, 0xf8,
  0x00, 0x74, 0x1a, 0x8b, 0x45, 0xf8, 0x8b, 0x00, 0x50, 0xff, 0x75, 0x08,
  0xe8, 0x78, 0xfe, 0xff, 0xff, 0x83, 0xc4, 0x08, 0x85, 0xc0, 0x74, 0x05,
  0x8b, 0x45, 0xf8, 0xeb, 0x13, 0x83, 0x45, 0xfc, 0x01, 0xe8, 0x70, 0xff,
  0xff, 0xff, 0x39, 0x45, 0xfc, 0x7c, 0xc4, 0xb8, 0x00, 0x00, 0x00, 0x00,
  0xc9, 0xc3, 0x55, 0x89, 0xe5, 0x83, 0xec, 0x10, 0xc7, 0x45, 0xfc, 0x00,
  0x00, 0x00, 0x00, 0xe8, 0x21, 0xef, 0xff, 0xff, 0x89, 0x45, 0xf8, 0x83,
  0x7d, 0xf8, 0x0d, 0x74, 0x06, 0x83, 0x7d, 0xf8, 0x0a, 0x75, 0x1d, 0x68,
  0xee, 0x42, 0x40, 0x00, 0xe8, 0xe1, 0xee, 0xff, 0xff, 0x83, 0xc4, 0x04,
  0x8b, 0x55, 0xfc, 0x8b, 0x45, 0x08, 0x01, 0xd0, 0xc6, 0x00, 0x00, 0x8b,
  0x45, 0xfc, 0xeb, 0x78, 0x83, 0x7d, 0xf8, 0x08, 0x75, 0x19, 0x83, 0x7d,
  0xfc, 0x00, 0x7e, 0x5a, 0x83, 0x6d, 0xfc, 0x01, 0x68, 0xf0, 0x42, 0x40,
  0x00, 0xe8, 0xb4, 0xee, 0xff, 0xff, 0x83, 0xc4, 0x04, 0xeb, 0x47, 0x83,
  0x7d, 0xf8, 0x1f, 0x7e, 0x47, 0x83, 0x7d, 0xf8, 0x7e, 0x7f, 0x41, 0x8b,
  0x45, 0xfc, 0x83, 0xc0, 0x01, 0x39, 0x45, 0x0c, 0x7e, 0x3c, 0x8b, 0x45,
  0xfc, 0x8d, 0x50, 0x01, 0x89, 0x55, 0xfc, 0x89, 0xc2, 0x8b, 0x45, 0x08,
  0x01, 0xd0, 0x8b, 0x55, 0xf8, 0x88, 0x10, 0x8b, 0x45, 0xf8, 0x88, 0x45,
  0xf6, 0xc6, 0x45, 0xf7, 0x00, 0x8d, 0x45, 0xf6, 0x50, 0xe8, 0x70, 0xee,
  0xff, 0xff, 0x83, 0xc4, 0x04, 0xe9, 0x69, 0xff, 0xff, 0xff, 0x90, 0xe9,
  0x63, 0xff, 0xff, 0xff, 0x90, 0xe9, 0x5d, 0xff, 0xff, 0xff, 0x90, 0xe9,
  0x57, 0xff, 0xff, 0xff, 0xc9, 0xc3, 0x55, 0x89, 0xe5, 0x83, 0xec, 0x10,
  0xc7, 0x45, 0xfc, 0x00, 0x00, 0x00, 0x00, 0x8b, 0x45, 0x08, 0x89, 0x45,
  0xf8, 0xe9, 0x83, 0x00, 0x00, 0x00, 0x83, 0x45, 0xf8, 0x01, 0x8b, 0x45,
  0xf8, 0x0f, 0xb6, 0x00, 0x3c, 0x20, 0x74, 0xf2, 0x8b, 0x45, 0xf8, 0x0f,
  0xb6, 0x00, 0x3c, 0x09, 0x74, 0xe8, 0x8b, 0x45, 0xf8, 0x0f, 0xb6, 0x00,
  0x84, 0xc0, 0x74, 0x71, 0x8b, 0x45, 0xfc, 0x3b, 0x45, 0x10, 0x7c, 0x07,
  0xb8, 0xff, 0xff, 0xff, 0xff, 0xeb, 0x69, 0x8b, 0x45, 0xfc, 0x8d, 0x50,
  0x01, 0x89, 0x55, 0xfc, 0x8d, 0x14, 0x85, 0x00, 0x00, 0x00, 0x00, 0x8b,
  0x45, 0x0c, 0x01, 0xc2, 0x8b, 0x45, 0xf8, 0x89, 0x02, 0xeb, 0x04, 0x83,
  0x45, 0xf8, 0x01, 0x8b, 0x45, 0xf8, 0x0f, 0xb6, 0x00, 0x84, 0xc0, 0x74,
  0x14, 0x8b, 0x45, 0xf8, 0x0f, 0xb6, 0x00, 0x3c, 0x20, 0x74, 0x0a, 0x8b,
  0x45, 0xf8, 0x0f, 0xb6, 0x00, 0x3c, 0x09, 0x75, 0xde, 0x8b, 0x45, 0xf8,
  0x0f, 0xb6, 0x00, 0x84, 0xc0, 0x74, 0x1d, 0x8b, 0x45, 0xf8, 0xc6, 0x00,
  0x00, 0x83, 0x45, 0xf8, 0x01, 0x8b, 0x45, 0xf8, 0x0f, 0xb6, 0x00, 0x84,
  0xc0, 0x0f, 0x85, 0x73, 0xff, 0xff, 0xff, 0xeb, 0x04, 0x90, 0xeb, 0x01,
  0x90, 0x8b, 0x45, 0xfc, 0xc9, 0xc3, 0x55, 0x89, 0xe5, 0x68, 0xf4, 0x42,
  0x40, 0x00, 0xff, 0x75, 0x08, 0xe8, 0x20, 0xf0, 0xff, 0xff, 0x83, 0xc4,
  0x08, 0x85, 0xc0, 0x74, 0x0a, 0xb8, 0x03, 0x00, 0x00, 0x00, 0xe9, 0x20,
  0x03, 0x00, 0x00, 0x68, 0xfa, 0x42, 0x40, 0x00, 0xff, 0x75, 0x08, 0xe8,
  0x02, 0xf0, 0xff, 0xff, 0x83, 0xc4, 0x08, 0x85, 0xc0, 0x74, 0x0a, 0xb8,
  0x04, 0x00, 0x00, 0x00, 0xe9, 0x02, 0x03, 0x00, 0x00, 0x68, 0xff, 0x42,
  0x40, 0x00, 0xff, 0x75, 0x08, 0xe8, 0xe4, 0xef, 0xff, 0xff, 0x83, 0xc4,
  0x08, 0x85, 0xc0, 0x74, 0x0a, 0xb8, 0x05, 0x00, 0x00, 0x00, 0xe9, 0xe4,
  0x02, 0x00, 0x00, 0x68, 0x04, 0x43, 0x40, 0x00, 0xff, 0x75, 0x08, 0xe8,
  0xc6, 0xef, 0xff, 0xff, 0x83, 0xc4, 0x08, 0x85, 0xc0, 0x74, 0x0a, 0xb8,
  0x06, 0x00, 0x00, 0x00, 0xe9, 0xc6, 0x02, 0x00, 0x00, 0x68, 0x0f, 0x43,
  0x40, 0x00, 0xff, 0x75, 0x08, 0xe8, 0xa8, 0xef, 0xff, 0xff, 0x83, 0xc4,
  0x08, 0x85, 0xc0, 0x74, 0x0a, 0xb8, 0x08, 0x00, 0x00, 0x00, 0xe9, 0xa8,
  0x02, 0x00, 0x00, 0x68, 0x19, 0x43, 0x40, 0x00, 0xff, 0x75, 0x08, 0xe8,
  0x8a, 0xef, 0xff, 0xff, 0x83, 0xc4, 0x08, 0x85, 0xc0, 0x74, 0x0a, 0xb8,
  0x0c, 0x00, 0x00, 0x00, 0xe9, 0x8a, 0x02, 0x00, 0x00, 0x68, 0x1d, 0x43,
  0x40, 0x00, 0xff, 0x75, 0x08, 0xe8, 0x6c, 0xef, 0xff, 0xff, 0x83, 0xc4,
  0x08, 0x85, 0xc0, 0x74, 0x0a, 0xb8, 0x0d, 0x00, 0x00, 0x00, 0xe9, 0x6c,
  0x02, 0x00, 0x00, 0x68, 0x20, 0x43, 0x40, 0x00, 0xff, 0x75, 0x08, 0xe8,
  0x4e, 0xef, 0xff, 0xff, 0x83, 0xc4, 0x08, 0x85, 0xc0, 0x74, 0x0a, 0xb8,
  0x0e, 0x00, 0x00, 0x00, 0xe9, 0x4e, 0x02, 0x00, 0x00, 0x68, 0x25, 0x43,
  0x40, 0x00, 0xff, 0x75, 0x08, 0xe8, 0x30, 0xef, 0xff, 0xff, 0x83, 0xc4,
  0x08, 0x85, 0xc0, 0x74, 0x0a, 0xb8, 0x0f, 0x00, 0x00, 0x00, 0xe9, 0x30,
  0x02, 0x00, 0x00, 0x68, 0x2f, 0x43, 0x40, 0x00, 0xff, 0x75, 0x08, 0xe8,
  0x12, 0xef, 0xff, 0xff, 0x83, 0xc4, 0x08, 0x85, 0xc0, 0x74, 0x0a, 0xb8,
  0x10, 0x00, 0x00, 0x00, 0xe9, 0x12, 0x02, 0x00, 0x00, 0x68, 0x36, 0x43,
  0x40, 0x00, 0xff, 0x75, 0x08, 0xe8, 0xf4, 0xee, 0xff, 0xff, 0x83, 0xc4,
  0x08, 0x85, 0xc0, 0x74, 0x0a, 0xb8, 0x11, 0x00, 0x00, 0x00, 0xe9, 0xf4,
  0x01, 0x00, 0x00, 0x68, 0x39, 0x43, 0x40, 0x00, 0xff, 0x75, 0x08, 0xe8,
  0xd6, 0xee, 0xff, 0xff, 0x83, 0xc4, 0x08, 0x85, 0xc0, 0x74, 0x0a, 0xb8,
  0x12, 0x00, 0x00, 0x00, 0xe9, 0xd6, 0x01, 0x00, 0x00, 0x68, 0x3e, 0x43,
  0x40, 0x00, 0xff, 0x75, 0x08, 0xe8, 0xb8, 0xee, 0xff, 0xff, 0x83, 0xc4,
  0x08, 0x85, 0xc0, 0x74, 0x0a, 0xb8, 0x13, 0x00, 0x00, 0x00, 0xe9, 0xb8,
  0x01, 0x00, 0x00, 0x68, 0x43, 0x43, 0x40, 0x00, 0xff, 0x75, 0x08, 0xe8,
  0x9a, 0xee, 0xff, 0xff, 0x83, 0xc4, 0x08, 0x85, 0xc0, 0x74, 0x0a, 0xb8,
  0x14, 0x00, 0x00, 0x00, 0xe9, 0x9a, 0x01, 0x00, 0x00, 0x68, 0x48, 0x43,
  0x40, 0x00, 0xff, 0x75, 0x08, 0xe8, 0x7c, 0xee, 0xff, 0xff, 0x83, 0xc4,
  0x08, 0x85, 0xc0, 0x74, 0x0a, 0xb8, 0x15, 0x00, 0x00, 0x00, 0xe9, 0x7c,
  0x01, 0x00, 0x00, 0x68, 0x4d, 0x43, 0x40, 0x00, 0xff, 0x75, 0x08, 0xe8,
  0x5e, 0xee, 0xff, 0xff, 0x83, 0xc4, 0x08, 0x85, 0xc0, 0x74, 0x0a, 0xb8,
  0x16, 0x00, 0x00, 0x00, 0xe9, 0x5e, 0x01, 0x00, 0x00, 0x68, 0x57, 0x43,
  0x40, 0x00, 0xff, 0x75, 0x08, 0xe8, 0x40, 0xee, 0xff, 0xff, 0x83, 0xc4,
  0x08, 0x85, 0xc0, 0x74, 0x0a, 0xb8, 0x17, 0x00, 0x00, 0x00, 0xe9, 0x40,
  0x01, 0x00, 0x00, 0x68, 0x61, 0x43, 0x40, 0x00, 0xff, 0x75, 0x08, 0xe8,
  0x22, 0xee, 0xff, 0xff, 0x83, 0xc4, 0x08, 0x85, 0xc0, 0x74, 0x0a, 0xb8,
  0x18, 0x00, 0x00, 0x00, 0xe9, 0x22, 0x01, 0x00, 0x00, 0x68, 0x6e, 0x43,
  0x40, 0x00, 0xff, 0x75, 0x08, 0xe8, 0x04, 0xee, 0xff, 0xff, 0x83, 0xc4,
  0x08, 0x85, 0xc0, 0x74, 0x0a, 0xb8, 0x19, 0x00, 0x00, 0x00, 0xe9, 0x04,
  0x01, 0x00, 0x00, 0x68, 0x82, 0x43, 0x40, 0x00, 0xff, 0x75, 0x08, 0xe8,
  0xe6, 0xed, 0xff, 0xff, 0x83, 0xc4, 0x08, 0x85, 0xc0, 0x74, 0x0a, 0xb8,
  0x1a, 0x00, 0x00, 0x00, 0xe9, 0xe6, 0x00, 0x00, 0x00, 0x68, 0x92, 0x43,
  0x40, 0x00, 0xff, 0x75, 0x08, 0xe8, 0xc8, 0xed, 0xff, 0xff, 0x83, 0xc4,
  0x08, 0x85, 0xc0, 0x74, 0x0a, 0xb8, 0x1b, 0x00, 0x00, 0x00, 0xe9, 0xc8,
  0x00, 0x00, 0x00, 0x68, 0x9f, 0x43, 0x40, 0x00, 0xff, 0x75, 0x08, 0xe8,
  0xaa, 0xed, 0xff, 0xff, 0x83, 0xc4, 0x08, 0x85, 0xc0, 0x74, 0x0a, 0xb8,
  0x1e, 0x00, 0x00, 0x00, 0xe9, 0xaa, 0x00, 0x00, 0x00, 0x68, 0xad, 0x43,
  0x40, 0x00, 0xff, 0x75, 0x08, 0xe8, 0x8c, 0xed, 0xff, 0xff, 0x83, 0xc4,
  0x08, 0x85, 0xc0, 0x74, 0x0a, 0xb8, 0x21, 0x00, 0x00, 0x00, 0xe9, 0x8c,
  0x00, 0x00, 0x00, 0x68, 0xbc, 0x43, 0x40, 0x00, 0xff, 0x75, 0x08, 0xe8,
  0x6e, 0xed, 0xff, 0xff, 0x83, 0xc4, 0x08, 0x85, 0xc0, 0x74, 0x07, 0xb8,
  0x23, 0x00, 0x00, 0x00, 0xeb, 0x71, 0x68, 0xcf, 0x43, 0x40, 0x00, 0xff,
  0x75, 0x08, 0xe8, 0x53, 0xed, 0xff, 0xff, 0x83, 0xc4, 0x08, 0x85, 0xc0,
  0x74, 0x07, 0xb8, 0x24, 0x00, 0x00, 0x00, 0xeb, 0x56, 0x68, 0xdd, 0x43,
  0x40, 0x00, 0xff, 0x75, 0x08, 0xe8, 0x38, 0xed, 0xff, 0xff, 0x83, 0xc4,
  0x08, 0x85, 0xc0, 0x74, 0x07, 0xb8, 0x25, 0x00, 0x00, 0x00, 0xeb, 0x3b,
  0x68, 0xed, 0x43, 0x40, 0x00, 0xff, 0x75, 0x08, 0xe8, 0x1d, 0xed, 0xff,
  0xff, 0x83, 0xc4, 0x08, 0x85, 0xc0, 0x74, 0x07, 0xb8, 0x06, 0x00, 0x00,
  0x00, 0xeb, 0x20, 0x68, 0xf7, 0x43, 0x40, 0x00, 0xff, 0x75, 0x08, 0xe8,
  0x02, 0xed, 0xff, 0xff, 0x83, 0xc4, 0x08, 0x85, 0xc0, 0x74, 0x07, 0xb8,
  0x08, 0x00, 0x00, 0x00, 0xeb, 0x05, 0xb8, 0x00, 0x00, 0x00, 0x00, 0xc9,
  0xc3, 0x55, 0x89, 0xe5, 0x83, 0xec, 0x10, 0x83, 0x7d, 0x08, 0x00, 0x78,
  0x06, 0x83, 0x7d, 0x08, 0x0a, 0x7e, 0x07, 0xb8, 0xff, 0xff, 0xff, 0xff,
  0xeb, 0x41, 0xc7, 0x45, 0xfc, 0x00, 0x00, 0x00, 0x00, 0xeb, 0x2b, 0x8b,
  0x45, 0xfc, 0x8d, 0x14, 0x85, 0x00, 0x00, 0x00, 0x00, 0x8b, 0x45, 0x0c,
  0x01, 0xd0, 0x8b, 0x00, 0x6a, 0x20, 0x50, 0xe8, 0x27, 0xee, 0xff, 0xff,
  0x83, 0xc4, 0x08, 0x85, 0xc0, 0x79, 0x07, 0xb8, 0xfe, 0xff, 0xff, 0xff,
  0xeb, 0x11, 0x83, 0x45, 0xfc, 0x01, 0x8b, 0x45, 0xfc, 0x3b, 0x45, 0x08,
  0x7c, 0xcd, 0xb8, 0x00, 0x00, 0x00, 0x00, 0xc9, 0xc3, 0x55, 0x89, 0xe5,
  0x83, 0xec, 0x10, 0xe8, 0x64, 0xea, 0xff, 0xff, 0x89, 0x45, 0xfc, 0x83,
  0x7d, 0xfc, 0x00, 0x79, 0x17, 0x68, 0x00, 0x44, 0x40, 0x00, 0xe8, 0xe3,
  0xe9, 0xff, 0xff, 0x83, 0xc4, 0x04, 0xb8, 0xff, 0xff, 0xff, 0xff, 0xe9,
  0x24, 0x02, 0x00, 0x00, 0x83, 0x7d, 0xfc, 0x00, 0x75, 0x4b, 0xeb, 0x05,
  0xe8, 0x4a, 0xec, 0xff, 0xff, 0xe8, 0x1f, 0xec, 0xff, 0xff, 0x85, 0xc0,
  0x74, 0xf2, 0xff, 0x75, 0x10, 0xff, 0x75, 0x0c, 0xff, 0x75, 0x08, 0xe8,
  0x50, 0xea, 0xff, 0xff, 0x83, 0xc4, 0x0c, 0x89, 0x45, 0xf8, 0x83, 0x7d,
  0xf8, 0x00, 0x74, 0x17, 0x68, 0x0d, 0x44, 0x40, 0x00, 0xe8, 0x9c, 0xe9,
  0xff, 0xff, 0x83, 0xc4, 0x04, 0x6a, 0x63, 0xe8, 0xa6, 0xe9, 0xff, 0xff,
  0x83, 0xc4, 0x04, 0x6a, 0x00, 0xe8, 0x9c, 0xe9, 0xff, 0xff, 0x83, 0xc4,
  0x04, 0x83, 0x7d, 0x18, 0x00, 0x74, 0x0d, 0x6a, 0x01, 0xff, 0x75, 0xfc,
  0xe8, 0x54, 0xea, 0xff, 0xff, 0x83, 0xc4, 0x08, 0x83, 0x7d, 0x1c, 0x00,
  0x74, 0x48, 0xff, 0x75, 0x20, 0xff, 0x75, 0x1c, 0xff, 0x75, 0xfc, 0xe8,
  0x1c, 0xeb, 0xff, 0xff, 0x83, 0xc4, 0x0c, 0x85, 0xc0, 0x79, 0x33, 0xff,
  0x75, 0xfc, 0xe8, 0x1c, 0xea, 0xff, 0xff, 0x83, 0xc4, 0x04, 0x83, 0x7d,
  0x14, 0x00, 0x74, 0x0b, 0xff, 0x75, 0xfc, 0xe8, 0xbb, 0xe9, 0xff, 0xff,
  0x83, 0xc4, 0x04, 0x68, 0x1a, 0x44, 0x40, 0x00, 0xe8, 0x31, 0xe9, 0xff,
  0xff, 0x83, 0xc4, 0x04, 0xb8, 0xff, 0xff, 0xff, 0xff, 0xe9, 0x72, 0x01,
  0x00, 0x00, 0x83, 0x7d, 0x28, 0x00, 0x74, 0x42, 0xff, 0x75, 0xfc, 0xe8,
  0x13, 0xeb, 0xff, 0xff, 0x83, 0xc4, 0x04, 0x85, 0xc0, 0x79, 0x33, 0xff,
  0x75, 0xfc, 0xe8, 0xd4, 0xe9, 0xff, 0xff, 0x83, 0xc4, 0x04, 0x83, 0x7d,
  0x14, 0x00, 0x74, 0x0b, 0xff, 0x75, 0xfc, 0xe8, 0x73, 0xe9, 0xff, 0xff,
  0x83, 0xc4, 0x04, 0x68, 0x31, 0x44, 0x40, 0x00, 0xe8, 0xe9, 0xe8, 0xff,
  0xff, 0x83, 0xc4, 0x04, 0xb8, 0xff, 0xff, 0xff, 0xff, 0xe9, 0x2a, 0x01,
  0x00, 0x00, 0x83, 0x7d, 0x24, 0x00, 0x74, 0x45, 0xff, 0x75, 0x24, 0xff,
  0x75, 0xfc, 0xe8, 0xa2, 0xea, 0xff, 0xff, 0x83, 0xc4, 0x08, 0x85, 0xc0,
  0x79, 0x33, 0xff, 0x75, 0xfc, 0xe8, 0x89, 0xe9, 0xff, 0xff, 0x83, 0xc4,
  0x04, 0x83, 0x7d, 0x14, 0x00, 0x74, 0x0b, 0xff, 0x75, 0xfc, 0xe8, 0x28,
  0xe9, 0xff, 0xff, 0x83, 0xc4, 0x04, 0x68, 0x4b, 0x44, 0x40, 0x00, 0xe8,
  0x9e, 0xe8, 0xff, 0xff, 0x83, 0xc4, 0x04, 0xb8, 0xff, 0xff, 0xff, 0xff,
  0xe9, 0xdf, 0x00, 0x00, 0x00, 0x83, 0x7d, 0x2c, 0x00, 0x74, 0x42, 0xff,
  0x75, 0xfc, 0xe8, 0x92, 0xea, 0xff, 0xff, 0x83, 0xc4, 0x04, 0x85, 0xc0,
  0x79, 0x33, 0xff, 0x75, 0xfc, 0xe8, 0x41, 0xe9, 0xff, 0xff, 0x83, 0xc4,
  0x04, 0x83, 0x7d, 0x14, 0x00, 0x74, 0x0b, 0xff, 0x75, 0xfc, 0xe8, 0xe0,
  0xe8, 0xff, 0xff, 0x83, 0xc4, 0x04, 0x68, 0x68, 0x44, 0x40, 0x00, 0xe8,
  0x56, 0xe8, 0xff, 0xff, 0x83, 0xc4, 0x04, 0xb8, 0xff, 0xff, 0xff, 0xff,
  0xe9, 0x97, 0x00, 0x00, 0x00, 0xff, 0x75, 0xfc, 0xe8, 0x8a, 0xea, 0xff,
  0xff, 0x83, 0xc4, 0x04, 0x85, 0xc0, 0x79, 0x30, 0xff, 0x75, 0xfc, 0xe8,
  0xff, 0xe8, 0xff, 0xff, 0x83, 0xc4, 0x04, 0x83, 0x7d, 0x14, 0x00, 0x74,
  0x0b, 0xff, 0x75, 0xfc, 0xe8, 0x9e, 0xe8, 0xff, 0xff, 0x83, 0xc4, 0x04,
  0x68, 0x81, 0x44, 0x40, 0x00, 0xe8, 0x14, 0xe8, 0xff, 0xff, 0x83, 0xc4,
  0x04, 0xb8, 0xff, 0xff, 0xff, 0xff, 0xeb, 0x58, 0x83, 0x7d, 0x14, 0x00,
  0x74, 0x2a, 0xff, 0x75, 0xfc, 0xe8, 0x79, 0xe8, 0xff, 0xff, 0x83, 0xc4,
  0x04, 0x85, 0xc0, 0x79, 0x14, 0x68, 0x96, 0x44, 0x40, 0x00, 0xe8, 0xeb,
  0xe7, 0xff, 0xff, 0x83, 0xc4, 0x04, 0xb8, 0xff, 0xff, 0xff, 0xff, 0xeb,
  0x2f, 0xb8, 0x00, 0x00, 0x00, 0x00, 0xeb, 0x28, 0x68, 0xa3, 0x44, 0x40,
  0x00, 0xe8, 0xd0, 0xe7, 0xff, 0xff, 0x83, 0xc4, 0x04, 0xff, 0x75, 0xfc,
  0xe8, 0xb6, 0xf5, 0xff, 0xff, 0x83, 0xc4, 0x04, 0x68, 0xee, 0x42, 0x40,
  0x00, 0xe8, 0xb8, 0xe7, 0xff, 0xff, 0x83, 0xc4, 0x04, 0x8b, 0x45, 0xfc,
  0xc9, 0xc3, 0x55, 0x89, 0xe5, 0x83, 0xec, 0x10, 0xc7, 0x45, 0xfc, 0x00,
  0x00, 0x00, 0x00, 0xc7, 0x45, 0xf4, 0x00, 0x00, 0x00, 0x00, 0xc7, 0x45,
  0xf0, 0x01, 0x00, 0x00, 0x00, 0x83, 0x7d, 0x1c, 0x00, 0x74, 0x06, 0x83,
  0x7d, 0x20, 0x00, 0x7f, 0x0a, 0xb8, 0xff, 0xff, 0xff, 0xff, 0xe9, 0x6f,
  0x01, 0x00, 0x00, 0x8b, 0x45, 0xfc, 0x8d, 0x50, 0x01, 0x89, 0x55, 0xfc,
  0x8d, 0x14, 0x85, 0x00, 0x00, 0x00, 0x00, 0x8b, 0x45, 0x1c, 0x01, 0xd0,
  0xc7, 0x00, 0x00, 0x60, 0x40, 0x00, 0xc7, 0x45, 0xf8, 0x00, 0x00, 0x00,
  0x00, 0xe9, 0x24, 0x01, 0x00, 0x00, 0x8b, 0x45, 0xf8, 0x8d, 0x14, 0x85,
  0x00, 0x00, 0x00, 0x00, 0x8b, 0x45, 0x0c, 0x01, 0xd0, 0x8b, 0x00, 0x50,
  0xe8, 0xb5, 0xea, 0xff, 0xff, 0x83, 0xc4, 0x04, 0x85, 0xc0, 0x74, 0x4d,
  0x83, 0x7d, 0xf0, 0x00, 0x74, 0x0a, 0xb8, 0xfe, 0xff, 0xff, 0xff, 0xe9,
  0x1a, 0x01, 0x00, 0x00, 0x8b, 0x45, 0xfc, 0x3b, 0x45, 0x20, 0x7c, 0x0a,
  0xb8, 0xfd, 0xff, 0xff, 0xff, 0xe9, 0x08, 0x01, 0x00, 0x00, 0x8b, 0x45,
  0xfc, 0x8d, 0x50, 0x01, 0x89, 0x55, 0xfc, 0x8d, 0x14, 0x85, 0x00, 0x00,
  0x00, 0x00, 0x8b, 0x45, 0x1c, 0x01, 0xd0, 0xc7, 0x00, 0x0e, 0x60, 0x40,
  0x00, 0x83, 0x45, 0xf4, 0x01, 0xc7, 0x45, 0xf0, 0x01, 0x00, 0x00, 0x00,
  0xe9, 0xb5, 0x00, 0x00, 0x00, 0x83, 0x7d, 0x14, 0x00, 0x74, 0x1d, 0x8b,
  0x45, 0x14, 0x8b, 0x00, 0x85, 0xc0, 0x74, 0x14, 0x8b, 0x45, 0x14, 0x8b,
  0x40, 0x04, 0x39, 0x45, 0xf8, 0x75, 0x09, 0x83, 0x45, 0xf8, 0x01, 0xe9,
  0x92, 0x00, 0x00, 0x00, 0x83, 0x7d, 0x18, 0x00, 0x74, 0x1b, 0x8b, 0x45,
  0x18, 0x8b, 0x40, 0x0c, 0x85, 0xc0, 0x74, 0x11, 0x8b, 0x45, 0x18, 0x8b,
  0x40, 0x10, 0x39, 0x45, 0xf8, 0x75, 0x06, 0x83, 0x45, 0xf8, 0x01, 0xeb,
  0x71, 0x83, 0x7d, 0xf0, 0x00, 0x74, 0x33, 0x8b, 0x45, 0xf8, 0x8d, 0x14,
  0x85, 0x00, 0x00, 0x00, 0x00, 0x8b, 0x45, 0x0c, 0x01, 0xd0, 0x8b, 0x00,
  0x68, 0xb1, 0x44, 0x40, 0x00, 0x50, 0xe8, 0x17, 0xe9, 0xff, 0xff, 0x83,
  0xc4, 0x08, 0x85, 0xc0, 0x75, 0x07, 0xb8, 0xfc, 0xff, 0xff, 0xff, 0xeb,
  0x69, 0xc7, 0x45, 0xf0, 0x00, 0x00, 0x00, 0x00, 0xeb, 0x38, 0x8b, 0x45,
  0xfc, 0x3b, 0x45, 0x20, 0x7c, 0x07, 0xb8, 0xfd, 0xff, 0xff, 0xff, 0xeb,
  0x51, 0x8b, 0x45, 0xf8, 0x8d, 0x14, 0x85, 0x00, 0x00, 0x00, 0x00, 0x8b,
  0x45, 0x0c, 0x8d, 0x0c, 0x02, 0x8b, 0x45, 0xfc, 0x8d, 0x50, 0x01, 0x89,
  0x55, 0xfc, 0x8d, 0x14, 0x85, 0x00, 0x00, 0x00, 0x00, 0x8b, 0x45, 0x1c,
  0x01, 0xc2, 0x8b, 0x01, 0x89, 0x02, 0x83, 0x45, 0xf8, 0x01, 0x8b, 0x45,
  0xf8, 0x3b, 0x45, 0x08, 0x0f, 0x8c, 0xd0, 0xfe, 0xff, 0xff, 0x83, 0x7d,
  0xf0, 0x00, 0x75, 0x08, 0x8b, 0x45, 0xf4, 0x3b, 0x45, 0x10, 0x74, 0x07,
  0xb8, 0xfe, 0xff, 0xff, 0xff, 0xeb, 0x03, 0x8b, 0x45, 0xfc, 0xc9, 0xc3,
  0x55, 0x89, 0xe5, 0x83, 0xec, 0x10, 0x83, 0x7d, 0x10, 0x00, 0x7e, 0x06,
  0x83, 0x7d, 0x14, 0x00, 0x75, 0x0a, 0xb8, 0xff, 0xff, 0xff, 0xff, 0xe9,
  0xdc, 0x00, 0x00, 0x00, 0x83, 0x7d, 0x18, 0x00, 0x78, 0x14, 0x8b, 0x45,
  0x14, 0x8b, 0x00, 0x39, 0x45, 0x18, 0x7e, 0x0a, 0xb8, 0xfe, 0xff, 0xff,
  0xff, 0xe9, 0xc2, 0x00, 0x00, 0x00, 0x83, 0x7d, 0x1c, 0x00, 0x78, 0x25,
  0x8b, 0x45, 0x10, 0x05, 0xff, 0xff, 0xff, 0x3f, 0x8d, 0x14, 0x85, 0x00,
  0x00, 0x00, 0x00, 0x8b, 0x45, 0x14, 0x01, 0xd0, 0x8b, 0x00, 0x39, 0x45,
  0x1c, 0x7d, 0x0a, 0xb8, 0xfd, 0xff, 0xff, 0xff, 0xe9, 0x97, 0x00, 0x00,
  0x00, 0xc7, 0x45, 0xfc, 0x00, 0x00, 0x00, 0x00, 0xeb, 0x7d, 0x8b, 0x45,
  0xfc, 0x8d, 0x14, 0x85, 0x00, 0x00, 0x00, 0x00, 0x8b, 0x45, 0x0c, 0x01,
  0xd0, 0x8b, 0x00, 0x50, 0xe8, 0xec, 0xe8, 0xff, 0xff, 0x83, 0xc4, 0x04,
  0x85, 0xc0, 0x74, 0x17, 0x8b, 0x45, 0x14, 0x8b, 0x00, 0x39, 0x45, 0xfc,
  0x7e, 0x07, 0xb8, 0xfe, 0xff, 0xff, 0xff, 0xeb, 0x5f, 0x83, 0x45, 0xfc,
  0x01, 0xeb, 0x44, 0x8b, 0x45, 0xfc, 0x8d, 0x14, 0x85, 0x00, 0x00, 0x00,
  0x00, 0x8b, 0x45, 0x0c, 0x01, 0xd0, 0x8b, 0x00, 0x50, 0xe8, 0x77, 0xe8,
  0xff, 0xff, 0x83, 0xc4, 0x04, 0x85, 0xc0, 0x74, 0x26, 0x8b, 0x45, 0x10,
  0x05, 0xff, 0xff, 0xff, 0x3f, 0x8d, 0x14, 0x85, 0x00, 0x00, 0x00, 0x00,
  0x8b, 0x45, 0x14, 0x01, 0xd0, 0x8b, 0x00, 0x39, 0x45, 0xfc, 0x7d, 0x07,
  0xb8, 0xfd, 0xff, 0xff, 0xff, 0xeb, 0x19, 0x83, 0x45, 0xfc, 0x01, 0x83,
  0x45, 0xfc, 0x01, 0x8b, 0x45, 0xfc, 0x3b, 0x45, 0x08, 0x0f, 0x8c, 0x77,
  0xff, 0xff, 0xff, 0xb8, 0x00, 0x00, 0x00, 0x00, 0xc9, 0xc3, 0x55, 0x89,
  0xe5, 0x53, 0x83, 0xec, 0x70, 0xc7, 0x45, 0xa0, 0xff, 0xff, 0xff, 0xff,
  0xc7, 0x45, 0x9c, 0x00, 0x00, 0x00, 0x00, 0xc7, 0x45, 0x98, 0xff, 0xff,
  0xff, 0xff, 0xc7, 0x45, 0x94, 0xff, 0xff, 0xff, 0xff, 0xc7, 0x45, 0x90,
  0x00, 0x00, 0x00, 0x00, 0xc7, 0x45, 0x8c, 0xff, 0xff, 0xff, 0xff, 0x83,
  0x7d, 0x10, 0x00, 0x7e, 0x06, 0x83, 0x7d, 0x14, 0x00, 0x75, 0x12, 0x68,
  0xb5, 0x44, 0x40, 0x00, 0xe8, 0xcd, 0xe4, 0xff, 0xff, 0x83, 0xc4, 0x04,
  0xe9, 0x33, 0x04, 0x00, 0x00, 0x8b, 0x45, 0x14, 0x8b, 0x00, 0x85, 0xc0,
  0x74, 0x20, 0x8b, 0x45, 0x10, 0x05, 0xff, 0xff, 0xff, 0x3f, 0x8d, 0x14,
  0x85, 0x00, 0x00, 0x00, 0x00, 0x8b, 0x45, 0x14, 0x01, 0xd0, 0x8b, 0x10,
  0x8b, 0x45, 0x08, 0x83, 0xe8, 0x01, 0x39, 0xc2, 0x75, 0x12, 0x68, 0xb5,
  0x44, 0x40, 0x00, 0xe8, 0x92, 0xe4, 0xff, 0xff, 0x83, 0xc4, 0x04, 0xe9,
  0xf8, 0x03, 0x00, 0x00, 0x8b, 0x45, 0x14, 0x8b, 0x00, 0x89, 0x45, 0xf8,
  0x8b, 0x45, 0x10, 0x05, 0xff, 0xff, 0xff, 0x3f, 0x8d, 0x14, 0x85, 0x00,
  0x00, 0x00, 0x00, 0x8b, 0x45, 0x14, 0x01, 0xd0, 0x8b, 0x00, 0x8b, 0x55,
  0x08, 0x29, 0xc2, 0x8d, 0x42, 0xff, 0x89, 0x45, 0xf4, 0x8d, 0x45, 0x9c,
  0x50, 0x8d, 0x45, 0xa0, 0x50, 0xff, 0x75, 0x0c, 0xff, 0x75, 0xf8, 0xe8,
  0xe0, 0xea, 0xff, 0xff, 0x83, 0xc4, 0x10, 0x89, 0x45, 0xf0, 0x83, 0x7d,
  0xf0, 0x00, 0x79, 0x12, 0x68, 0x5b, 0x42, 0x40, 0x00, 0xe8, 0x38, 0xe4,
  0xff, 0xff, 0x83, 0xc4, 0x04, 0xe9, 0x9e, 0x03, 0x00, 0x00, 0x8d, 0x45,
  0x98, 0x50, 0xff, 0x75, 0x0c, 0xff, 0x75, 0xf8, 0xe8, 0x5f, 0xeb, 0xff,
  0xff, 0x83, 0xc4, 0x0c, 0x89, 0x45, 0xf0, 0x83, 0x7d, 0xf0, 0x00, 0x79,
  0x12, 0x68, 0xcc, 0x44, 0x40, 0x00, 0xe8, 0x0b, 0xe4, 0xff, 0xff, 0x83,
  0xc4, 0x04, 0xe9, 0x71, 0x03, 0x00, 0x00, 0x8b, 0x45, 0x10, 0x05, 0xff,
  0xff, 0xff, 0x3f, 0x8d, 0x14, 0x85, 0x00, 0x00, 0x00, 0x00, 0x8b, 0x45,
  0x14, 0x01, 0xd0, 0x8b, 0x00, 0x83, 0xc0, 0x01, 0x8d, 0x14, 0x85, 0x00,
  0x00, 0x00, 0x00, 0x8b, 0x45, 0x0c, 0x01, 0xc2, 0x8d, 0x45, 0x90, 0x50,
  0x8d, 0x45, 0x94, 0x50, 0x52, 0xff, 0x75, 0xf4, 0xe8, 0x5f, 0xea, 0xff,
  0xff, 0x83, 0xc4, 0x10, 0x89, 0x45, 0xec, 0x83, 0x7d, 0xec, 0x00, 0x79,
  0x12, 0x68, 0x5b, 0x42, 0x40, 0x00, 0xe8, 0xb7, 0xe3, 0xff, 0xff, 0x83,
  0xc4, 0x04, 0xe9, 0x1d, 0x03, 0x00, 0x00, 0x8b, 0x45, 0x10, 0x05, 0xff,
  0xff, 0xff, 0x3f, 0x8d, 0x14, 0x85, 0x00, 0x00, 0x00, 0x00, 0x8b, 0x45,
  0x14, 0x01, 0xd0, 0x8b, 0x00, 0x83, 0xc0, 0x01, 0x8d, 0x14, 0x85, 0x00,
  0x00, 0x00, 0x00, 0x8b, 0x45, 0x0c, 0x01, 0xc2, 0x8d, 0x45, 0x8c, 0x50,
  0x52, 0xff, 0x75, 0xf4, 0xe8, 0xbb, 0xea, 0xff, 0xff, 0x83, 0xc4, 0x0c,
  0x89, 0x45, 0xec, 0x83, 0x7d, 0xec, 0x00, 0x79, 0x12, 0x68, 0xcc, 0x44,
  0x40, 0x00, 0xe8, 0x67, 0xe3, 0xff, 0xff, 0x83, 0xc4, 0x04, 0xe9, 0xcd,
  0x02, 0x00, 0x00, 0x8b, 0x45, 0xa0, 0x85, 0xc0, 0x78, 0x12, 0x68, 0xec,
  0x44, 0x40, 0x00, 0xe8, 0x4e, 0xe3, 0xff, 0xff, 0x83, 0xc4, 0x04, 0xe9,
  0xb4, 0x02, 0x00, 0x00, 0x8b, 0x45, 0x8c, 0x85, 0xc0, 0x78, 0x12, 0x68,
  0x2c, 0x45, 0x40, 0x00, 0xe8, 0x35, 0xe3, 0xff, 0xff, 0x83, 0xc4, 0x04,
  0xe9, 0x9b, 0x02, 0x00, 0x00, 0x8b, 0x45, 0x94, 0x85, 0xc0, 0x78, 0x20,
  0x8b, 0x45, 0x10, 0x05, 0xff, 0xff, 0xff, 0x3f, 0x8d, 0x14, 0x85, 0x00,
  0x00, 0x00, 0x00, 0x8b, 0x45, 0x14, 0x01, 0xd0, 0x8b, 0x00, 0x8d, 0x50,
  0x01, 0x8b, 0x45, 0x94, 0x01, 0xc2, 0xeb, 0x05, 0xba, 0xff, 0xff, 0xff,
  0xff, 0x8b, 0x45, 0x98, 0x52, 0x50, 0xff, 0x75, 0x14, 0xff, 0x75, 0x10,
  0xff, 0x75, 0x0c, 0xff, 0x75, 0x08, 0xe8, 0xdd, 0xfc, 0xff, 0xff, 0x83,
  0xc4, 0x18, 0x89, 0x45, 0xe8, 0x83, 0x7d, 0xe8, 0xfe, 0x75, 0x12, 0x68,
  0x2c, 0x45, 0x40, 0x00, 0xe8, 0xd5, 0xe2, 0xff, 0xff, 0x83, 0xc4, 0x04,
  0xe9, 0x3b, 0x02, 0x00, 0x00, 0x83, 0x7d, 0xe8, 0xfd, 0x75, 0x12, 0x68,
  0x6c, 0x45, 0x40, 0x00, 0xe8, 0xbd, 0xe2, 0xff, 0xff, 0x83, 0xc4, 0x04,
  0xe9, 0x23, 0x02, 0x00, 0x00, 0x8b, 0x45, 0x98, 0x8d, 0x55, 0xc4, 0x52,
  0x50, 0x6a, 0x00, 0x6a, 0xff, 0xff, 0x75, 0x0c, 0xff, 0x75, 0xf8, 0xe8,
  0x44, 0xeb, 0xff, 0xff, 0x83, 0xc4, 0x18, 0x89, 0x45, 0xf0, 0x83, 0x7d,
  0xf0, 0x00, 0x79, 0x10, 0xff, 0x75, 0xf0, 0xe8, 0x30, 0xee, 0xff, 0xff,
  0x83, 0xc4, 0x04, 0xe9, 0xf0, 0x01, 0x00, 0x00, 0x8b, 0x45, 0x94, 0x85,
  0xc0, 0x78, 0x59, 0x8b, 0x55, 0x90, 0x8b, 0x45, 0x94, 0x8b, 0x4d, 0x10,
  0x81, 0xc1, 0xff, 0xff, 0xff, 0x3f, 0x8d, 0x1c, 0x8d, 0x00, 0x00, 0x00,
  0x00, 0x8b, 0x4d, 0x14, 0x01, 0xd9, 0x8b, 0x09, 0x83, 0xc1, 0x01, 0x8d,
  0x1c, 0x8d, 0x00, 0x00, 0x00, 0x00, 0x8b, 0x4d, 0x0c, 0x01, 0xcb, 0x8d,
  0x4d, 0xa4, 0x51, 0x6a, 0xff, 0x52, 0x50, 0x53, 0xff, 0x75, 0xf4, 0xe8,
  0xe4, 0xea, 0xff, 0xff, 0x83, 0xc4, 0x18, 0x89, 0x45, 0xec, 0x83, 0x7d,
  0xec, 0x00, 0x79, 0x48, 0xff, 0x75, 0xec, 0xe8, 0xd0, 0xed, 0xff, 0xff,
  0x83, 0xc4, 0x04, 0xe9, 0x90, 0x01, 0x00, 0x00, 0xc7, 0x45, 0xa4, 0x00,
  0x00, 0x00, 0x00, 0xc7, 0x45, 0xa8, 0xff, 0xff, 0xff, 0xff, 0xc7, 0x45,
  0xac, 0x00, 0x00, 0x00, 0x00, 0xc7, 0x45, 0xb0, 0x00, 0x00, 0x00, 0x00,
  0xc7, 0x45, 0xb4, 0xff, 0xff, 0xff, 0xff, 0xc7, 0x45, 0xb8, 0x00, 0x00,
  0x00, 0x00, 0xc7, 0x45, 0xbc, 0x00, 0x00, 0x00, 0x00, 0xc7, 0x45, 0xc0,
  0xff, 0xff, 0xff, 0xff, 0x8b, 0x45, 0xc4, 0x85, 0xc0, 0x74, 0x27, 0x8b,
  0x45, 0xcc, 0x50, 0xe8, 0x27, 0xee, 0xff, 0xff, 0x83, 0xc4, 0x04, 0x89,
  0x45, 0xe8, 0x83, 0x7d, 0xe8, 0x00, 0x79, 0x12, 0x68, 0xa6, 0x45, 0x40,
  0x00, 0xe8, 0xc4, 0xe1, 0xff, 0xff, 0x83, 0xc4, 0x04, 0xe9, 0x2a, 0x01,
  0x00, 0x00, 0x8b, 0x45, 0xb0, 0x85, 0xc0, 0x74, 0x5b, 0x8b, 0x55, 0xb8,
  0x8b, 0x45, 0xbc, 0x52, 0x50, 0xe8, 0x96, 0xed, 0xff, 0xff, 0x83, 0xc4,
  0x08, 0x89, 0x45, 0xe8, 0x83, 0x7d, 0xe8, 0xfe, 0x75, 0x12, 0x68, 0xc4,
  0x45, 0x40, 0x00, 0xe8, 0x92, 0xe1, 0xff, 0xff, 0x83, 0xc4, 0x04, 0xe9,
  0xf8, 0x00, 0x00, 0x00, 0x83, 0x7d, 0xe8, 0xfd, 0x75, 0x12, 0x68, 0xe8,
  0x45, 0x40, 0x00, 0xe8, 0x7a, 0xe1, 0xff, 0xff, 0x83, 0xc4, 0x04, 0xe9,
  0xe0, 0x00, 0x00, 0x00, 0x83, 0x7d, 0xe8, 0x00, 0x79, 0x12, 0x68, 0x07,
  0x46, 0x40, 0x00, 0xe8, 0x62, 0xe1, 0xff, 0xff, 0x83, 0xc4, 0x04, 0xe9,
  0xc8, 0x00, 0x00, 0x00, 0x6a, 0x0b, 0x68, 0x20, 0x60, 0x40, 0x00, 0x8d,
  0x45, 0xa4, 0x50, 0x8d, 0x45, 0xc4, 0x50, 0xff, 0x75, 0x10, 0xff, 0x75,
  0x0c, 0xff, 0x75, 0x08, 0xe8, 0x8d, 0xf9, 0xff, 0xff, 0x83, 0xc4, 0x1c,
  0x89, 0x45, 0xe4, 0x83, 0x7d, 0xe4, 0x00, 0x79, 0x3c, 0x83, 0x7d, 0xe4,
  0xfc, 0x75, 0x12, 0x68, 0x28, 0x46, 0x40, 0x00, 0xe8, 0x21, 0xe1, 0xff,
  0xff, 0x83, 0xc4, 0x04, 0xe9, 0x87, 0x00, 0x00, 0x00, 0x83, 0x7d, 0xe4,
  0xfd, 0x75, 0x0f, 0x68, 0x4e, 0x46, 0x40, 0x00, 0xe8, 0x09, 0xe1, 0xff,
  0xff, 0x83, 0xc4, 0x04, 0xeb, 0x72, 0x68, 0xb5, 0x44, 0x40, 0x00, 0xe8,
  0xfa, 0xe0, 0xff, 0xff, 0x83, 0xc4, 0x04, 0xeb, 0x63, 0x68, 0x20, 0x60,
  0x40, 0x00, 0xff, 0x75, 0xe4, 0xe8, 0x8b, 0xf6, 0xff, 0xff, 0x83, 0xc4,
  0x08, 0x89, 0x45, 0xe8, 0x83, 0x7d, 0xe8, 0xff, 0x75, 0x0f, 0x68, 0x4e,
  0x46, 0x40, 0x00, 0xe8, 0xd2, 0xe0, 0xff, 0xff, 0x83, 0xc4, 0x04, 0xeb,
  0x3b, 0x83, 0x7d, 0xe8, 0xfe, 0x75, 0x0f, 0x68, 0x5d, 0x46, 0x40, 0x00,
  0xe8, 0xbd, 0xe0, 0xff, 0xff, 0x83, 0xc4, 0x04, 0xeb, 0x26, 0x8b, 0x4d,
  0xcc, 0x8b, 0x55, 0xb8, 0x8b, 0x45, 0xbc, 0x6a, 0x00, 0x6a, 0x00, 0x51,
  0x52, 0x50, 0x6a, 0x00, 0x6a, 0x01, 0x68, 0x20, 0x60, 0x40, 0x00, 0xff,
  0x75, 0xe4, 0x6a, 0x24, 0xe8, 0x94, 0xf6, 0xff, 0xff, 0x83, 0xc4, 0x28,
  0x8b, 0x5d, 0xfc, 0xc9, 0xc3, 0x55, 0x89, 0xe5, 0x83, 0xec, 0x10, 0xc7,
  0x45, 0xf8, 0x00, 0x00, 0x00, 0x00, 0xc7, 0x45, 0xfc, 0x00, 0x00, 0x00,
  0x00, 0xeb, 0x26, 0x8b, 0x45, 0xfc, 0x8d, 0x14, 0x85, 0x00, 0x00, 0x00,
  0x00, 0x8b, 0x45, 0x0c, 0x8d, 0x0c, 0x02, 0x8b, 0x45, 0xf8, 0x8d, 0x50,
  0x01, 0x89, 0x55, 0xf8, 0x8b, 0x11, 0x89, 0x14, 0x85, 0x60, 0x60, 0x40,
  0x00, 0x83, 0x45, 0xfc, 0x01, 0x8b, 0x45, 0xfc, 0x3b, 0x45, 0x08, 0x7c,
  0xd2, 0x8b, 0x45, 0xf8, 0x8d, 0x50, 0x01, 0x89, 0x55, 0xf8, 0xc7, 0x04,
  0x85, 0x60, 0x60, 0x40, 0x00, 0x11, 0x60, 0x40, 0x00, 0xc7, 0x45, 0xfc,
  0x00, 0x00, 0x00, 0x00, 0xeb, 0x26, 0x8b, 0x45, 0xfc, 0x8d, 0x14, 0x85,
  0x00, 0x00, 0x00, 0x00, 0x8b, 0x45, 0x14, 0x8d, 0x0c, 0x02, 0x8b, 0x45,
  0xf8, 0x8d, 0x50, 0x01, 0x89, 0x55, 0xf8, 0x8b, 0x11, 0x89, 0x14, 0x85,
  0x60, 0x60, 0x40, 0x00, 0x83, 0x45, 0xfc, 0x01, 0x8b, 0x45, 0xfc, 0x3b,
  0x45, 0x10, 0x7c, 0xd2, 0x8b, 0x45, 0x08, 0x89, 0x45, 0xf4, 0xff, 0x75,
  0x20, 0xff, 0x75, 0x1c, 0xff, 0x75, 0x18, 0x8d, 0x45, 0xf4, 0x50, 0x6a,
  0x01, 0x68, 0x60, 0x60, 0x40, 0x00, 0xff, 0x75, 0xf8, 0xe8, 0xc8, 0xfa,
  0xff, 0xff, 0x83, 0xc4, 0x1c, 0x90, 0xc9, 0xc3, 0x55, 0x89, 0xe5, 0x83,
  0xec, 0x10, 0x83, 0x7d, 0x08, 0x01, 0x7f, 0x0f, 0x68, 0xee, 0x42, 0x40,
  0x00, 0xe8, 0xc0, 0xdf, 0xff, 0xff, 0x83, 0xc4, 0x04, 0xeb, 0x54, 0xc7,
  0x45, 0xfc, 0x01, 0x00, 0x00, 0x00, 0xeb, 0x36, 0x8b, 0x45, 0xfc, 0x8d,
  0x14, 0x85, 0x00, 0x00, 0x00, 0x00, 0x8b, 0x45, 0x0c, 0x01, 0xd0, 0x8b,
  0x00, 0x50, 0xe8, 0x9b, 0xdf, 0xff, 0xff, 0x83, 0xc4, 0x04, 0x8b, 0x45,
  0xfc, 0x83, 0xc0, 0x01, 0x39, 0x45, 0x08, 0x7e, 0x0d, 0x68, 0x6b, 0x46,
  0x40, 0x00, 0xe8, 0x83, 0xdf, 0xff, 0xff, 0x83, 0xc4, 0x04, 0x83, 0x45,
  0xfc, 0x01, 0x8b, 0x45, 0xfc, 0x3b, 0x45, 0x08, 0x7c, 0xc2, 0x68, 0xee,
  0x42, 0x40, 0x00, 0xe8, 0x6a, 0xdf, 0xff, 0xff, 0x83, 0xc4, 0x04, 0xc9,
  0xc3, 0x55, 0x89, 0xe5, 0x83, 0xec, 0x10, 0xe8, 0xb9, 0xdf, 0xff, 0xff,
  0x89, 0x45, 0xfc, 0x8b, 0x45, 0xfc, 0xba, 0xcd, 0xcc, 0xcc, 0xcc, 0xf7,
  0xe2, 0x89, 0xd0, 0xc1, 0xe8, 0x04, 0x89, 0x45, 0xf8, 0x68, 0x6d, 0x46,
  0x40, 0x00, 0xe8, 0x3b, 0xdf, 0xff, 0xff, 0x83, 0xc4, 0x04, 0x8b, 0x45,
  0xfc, 0x50, 0xe8, 0x20, 0xed, 0xff, 0xff, 0x83, 0xc4, 0x04, 0x68, 0x75,
  0x46, 0x40, 0x00, 0xe8, 0x22, 0xdf, 0xff, 0xff, 0x83, 0xc4, 0x04, 0x8b,
  0x45, 0xf8, 0x50, 0xe8, 0x07, 0xed, 0xff, 0xff, 0x83, 0xc4, 0x04, 0x68,
  0xee, 0x42, 0x40, 0x00, 0xe8, 0x09, 0xdf, 0xff, 0xff, 0x83, 0xc4, 0x04,
  0x90, 0xc9, 0xc3, 0x55, 0x89, 0xe5, 0x83, 0xec, 0x30, 0x83, 0x7d, 0x08,
  0x01, 0x7e, 0x12, 0x68, 0x84, 0x46, 0x40, 0x00, 0xe8, 0xed, 0xde, 0xff,
  0xff, 0x83, 0xc4, 0x04, 0xe9, 0x99, 0x00, 0x00, 0x00, 0xe8, 0x22, 0xe0,
  0xff, 0xff, 0x89, 0x45, 0xf8, 0x83, 0x7d, 0xf8, 0x00, 0x79, 0x0f, 0x68,
  0xa6, 0x46, 0x40, 0x00, 0xe8, 0xcd, 0xde, 0xff, 0xff, 0x83, 0xc4, 0x04,
  0xeb, 0x7c, 0x68, 0xb8, 0x46, 0x40, 0x00, 0xe8, 0xbe, 0xde, 0xff, 0xff,
  0x83, 0xc4, 0x04, 0xc7, 0x45, 0xfc, 0x00, 0x00, 0x00, 0x00, 0xeb, 0x5e,
  0x6a, 0x20, 0x8d, 0x45, 0xd4, 0x50, 0xff, 0x75, 0xfc, 0xe8, 0xf5, 0xdf,
  0xff, 0xff, 0x83, 0xc4, 0x0c, 0x89, 0x45, 0xf4, 0x83, 0x7d, 0xf4, 0x00,
  0x79, 0x0f, 0x68, 0xd0, 0x46, 0x40, 0x00, 0xe8, 0x8e, 0xde, 0xff, 0xff,
  0x83, 0xc4, 0x04, 0xeb, 0x3d, 0x8d, 0x45, 0xd4, 0x50, 0xe8, 0x80, 0xde,
  0xff, 0xff, 0x83, 0xc4, 0x04, 0x68, 0xe1, 0x46, 0x40, 0x00, 0xe8, 0x73,
  0xde, 0xff, 0xff, 0x83, 0xc4, 0x04, 0xff, 0x75, 0xf4, 0xe8, 0x59, 0xec,
  0xff, 0xff, 0x83, 0xc4, 0x04, 0x68, 0xee, 0x42, 0x40, 0x00, 0xe8, 0x5b,
  0xde, 0xff, 0xff, 0x83, 0xc4, 0x04, 0x83, 0x45, 0xfc, 0x01, 0x8b, 0x45,
  0xfc, 0x3b, 0x45, 0xf8, 0x7c, 0x9a, 0xc9, 0xc3, 0x55, 0x89, 0xe5, 0x83,
  0xec, 0x30, 0x83, 0x7d, 0x08, 0x01, 0x7f, 0x12, 0x68, 0xe9, 0x46, 0x40,
  0x00, 0xe8, 0x34, 0xde, 0xff, 0xff, 0x83, 0xc4, 0x04, 0xe9, 0x99, 0x00,
  0x00, 0x00, 0x8b, 0x45, 0x0c, 0x83, 0xc0, 0x04, 0x8b, 0x00, 0x50, 0xe8,
  0x22, 0xdf, 0xff, 0xff, 0x83, 0xc4, 0x04, 0x89, 0x45, 0xfc, 0x83, 0x7d,
  0xfc, 0x00, 0x79, 0x0f, 0x68, 0xfc, 0x46, 0x40, 0x00, 0xe8, 0x08, 0xde,
  0xff, 0xff, 0x83, 0xc4, 0x04, 0xeb, 0x70, 0x6a, 0x20, 0x8d, 0x45, 0xd7,
  0x50, 0xff, 0x75, 0xfc, 0xe8, 0x0c, 0xdf, 0xff, 0xff, 0x83, 0xc4, 0x0c,
  0x89, 0x45, 0xf8, 0x83, 0x7d, 0xf8, 0x00, 0x79, 0x1a, 0x68, 0x11, 0x47,
  0x40, 0x00, 0xe8, 0xdf, 0xdd, 0xff, 0xff, 0x83, 0xc4, 0x04, 0xff, 0x75,
  0xfc, 0xe8, 0x04, 0xdf, 0xff, 0xff, 0x83, 0xc4, 0x04, 0xeb, 0x3c, 0x83,
  0x7d, 0xf8, 0x00, 0x74, 0x19, 0x8d, 0x55, 0xd7, 0x8b, 0x45, 0xf8, 0x01,
  0xd0, 0xc6, 0x00, 0x00, 0x8d, 0x45, 0xd7, 0x50, 0xe8, 0xb5, 0xdd, 0xff,
  0xff, 0x83, 0xc4, 0x04, 0xeb, 0xad, 0x90, 0xff, 0x75, 0xfc, 0xe8, 0xd7,
  0xde, 0xff, 0xff, 0x83, 0xc4, 0x04, 0x85, 0xc0, 0x79, 0x0d, 0x68, 0x23,
  0x47, 0x40, 0x00, 0xe8, 0x96, 0xdd, 0xff, 0xff, 0x83, 0xc4, 0x04, 0xc9,
  0xc3, 0x55, 0x89, 0xe5, 0x83, 0xec, 0x10, 0x83, 0x7d, 0x08, 0x02, 0x74,
  0x0f, 0x68, 0x36, 0x47, 0x40, 0x00, 0xe8, 0x7b, 0xdd, 0xff, 0xff, 0x83,
  0xc4, 0x04, 0xeb, 0x27, 0x8b, 0x45, 0x0c, 0x83, 0xc0, 0x04, 0x8b, 0x00,
  0x50, 0xe8, 0xd2, 0xde, 0xff, 0xff, 0x83, 0xc4, 0x04, 0x89, 0x45, 0xfc,
  0x83, 0x7d, 0xfc, 0x00, 0x79, 0x0d, 0x68, 0x4b, 0x47, 0x40, 0x00, 0xe8,
  0x52, 0xdd, 0xff, 0xff, 0x83, 0xc4, 0x04, 0xc9, 0xc3, 0x55, 0x89, 0xe5,
  0x81, 0xec, 0x10, 0x01, 0x00, 0x00, 0x83, 0x7d, 0x08, 0x02, 0x7f, 0x0f,
  0x68, 0x5c, 0x47, 0x40, 0x00, 0xe8, 0x34, 0xdd, 0xff, 0xff, 0x83, 0xc4,
  0x04, 0xeb, 0x5d, 0x68, 0x01, 0x01, 0x00, 0x00, 0x8d, 0x85, 0xfb, 0xfe,
  0xff, 0xff, 0x50, 0x6a, 0x02, 0xff, 0x75, 0x0c, 0xff, 0x75, 0x08, 0xe8,
  0x65, 0xe1, 0xff, 0xff, 0x83, 0xc4, 0x14, 0x85, 0xc0, 0x79, 0x0f, 0x68,
  0x7c, 0x47, 0x40, 0x00, 0xe8, 0x05, 0xdd, 0xff, 0xff, 0x83, 0xc4, 0x04,
  0xeb, 0x2e, 0x8b, 0x45, 0x0c, 0x83, 0xc0, 0x04, 0x8b, 0x00, 0x8d, 0x95,
  0xfb, 0xfe, 0xff, 0xff, 0x52, 0x50, 0xe8, 0x68, 0xde, 0xff, 0xff, 0x83,
  0xc4, 0x08, 0x89, 0x45, 0xfc, 0x83, 0x7d, 0xfc, 0x00, 0x79, 0x0d, 0x68,
  0x96, 0x47, 0x40, 0x00, 0xe8, 0xd5, 0xdc, 0xff, 0xff, 0x83, 0xc4, 0x04,
  0xc9, 0xc3, 0x55, 0x89, 0xe5, 0x81, 0xec, 0x10, 0x01, 0x00, 0x00, 0x83,
  0x7d, 0x08, 0x02, 0x7f, 0x0f, 0x68, 0xa8, 0x47, 0x40, 0x00, 0xe8, 0xb7,
  0xdc, 0xff, 0xff, 0x83, 0xc4, 0x04, 0xeb, 0x5d, 0x68, 0x01, 0x01, 0x00,
  0x00, 0x8d, 0x85, 0xfb, 0xfe, 0xff, 0xff, 0x50, 0x6a, 0x02, 0xff, 0x75,
  0x0c, 0xff, 0x75, 0x08, 0xe8, 0xe8, 0xe0, 0xff, 0xff, 0x83, 0xc4, 0x14,
  0x85, 0xc0, 0x79, 0x0f, 0x68, 0xc5, 0x47, 0x40, 0x00, 0xe8, 0x88, 0xdc,
  0xff, 0xff, 0x83, 0xc4, 0x04, 0xeb, 0x2e, 0x8b, 0x45, 0x0c, 0x83, 0xc0,
  0x04, 0x8b, 0x00, 0x8d, 0x95, 0xfb, 0xfe, 0xff, 0xff, 0x52, 0x50, 0xe8,
  0x15, 0xde, 0xff, 0xff, 0x83, 0xc4, 0x08, 0x89, 0x45, 0xfc, 0x83, 0x7d,
  0xfc, 0x00, 0x79, 0x0d, 0x68, 0xdc, 0x47, 0x40, 0x00, 0xe8, 0x58, 0xdc,
  0xff, 0xff, 0x83, 0xc4, 0x04, 0xc9, 0xc3, 0x55, 0x89, 0xe5, 0x83, 0xec,
  0x10, 0x83, 0x7d, 0x08, 0x02, 0x74, 0x0f, 0x68, 0xeb, 0x47, 0x40, 0x00,
  0xe8, 0x3d, 0xdc, 0xff, 0xff, 0x83, 0xc4, 0x04, 0xeb, 0x27, 0x8b, 0x45,
  0x0c, 0x83, 0xc0, 0x04, 0x8b, 0x00, 0x50, 0xe8, 0xbe, 0xdd, 0xff, 0xff,
  0x83, 0xc4, 0x04, 0x89, 0x45, 0xfc, 0x83, 0x7d, 0xfc, 0x00, 0x79, 0x0d,
  0x68, 0xfd, 0x47, 0x40, 0x00, 0xe8, 0x14, 0xdc, 0xff, 0xff, 0x83, 0xc4,
  0x04, 0xc9, 0xc3, 0x55, 0x89, 0xe5, 0x83, 0xec, 0x60, 0x68, 0x08, 0x48,
  0x40, 0x00, 0xe8, 0x03, 0xdd, 0xff, 0xff, 0x83, 0xc4, 0x04, 0x89, 0x45,
  0xf8, 0x83, 0x7d, 0xf8, 0x00, 0x79, 0x12, 0x68, 0x12, 0x48, 0x40, 0x00,
  0xe8, 0xe9, 0xdb, 0xff, 0xff, 0x83, 0xc4, 0x04, 0xe9, 0x93, 0x01, 0x00,
  0x00, 0x6a, 0x20, 0x8d, 0x45, 0xd3, 0x50, 0xff, 0x75, 0xf8, 0xe8, 0xea,
  0xdc, 0xff, 0xff, 0x83, 0xc4, 0x0c, 0x89, 0x45, 0xf4, 0x83, 0x7d, 0xf4,
  0x00, 0x79, 0x1d, 0x68, 0x26, 0x48, 0x40, 0x00, 0xe8, 0xbd, 0xdb, 0xff,
  0xff, 0x83, 0xc4, 0x04, 0xff, 0x75, 0xf8, 0xe8, 0xe2, 0xdc, 0xff, 0xff,
  0x83, 0xc4, 0x04, 0xe9, 0x5c, 0x01, 0x00, 0x00, 0x83, 0x7d, 0xf4, 0x00,
  0x74, 0x02, 0xeb, 0xc1, 0x90, 0x6a, 0x20, 0x8d, 0x45, 0xd3, 0x50, 0xff,
  0x75, 0xf8, 0xe8, 0xaa, 0xdc, 0xff, 0xff, 0x83, 0xc4, 0x0c, 0x85, 0xc0,
  0x74, 0x1d, 0x68, 0x3a, 0x48, 0x40, 0x00, 0xe8, 0x82, 0xdb, 0xff, 0xff,
  0x83, 0xc4, 0x04, 0xff, 0x75, 0xf8, 0xe8, 0xa7, 0xdc, 0xff, 0xff, 0x83,
  0xc4, 0x04, 0xe9, 0x21, 0x01, 0x00, 0x00, 0xff, 0x75, 0xf8, 0xe8, 0x97,
  0xdc, 0xff, 0xff, 0x83, 0xc4, 0x04, 0x85, 0xc0, 0x79, 0x12, 0x68, 0x4d,
  0x48, 0x40, 0x00, 0xe8, 0x56, 0xdb, 0xff, 0xff, 0x83, 0xc4, 0x04, 0xe9,
  0x00, 0x01, 0x00, 0x00, 0x6a, 0x20, 0x8d, 0x45, 0xd3, 0x50, 0xff, 0x75,
  0xf8, 0xe8, 0x57, 0xdc, 0xff, 0xff, 0x83, 0xc4, 0x0c, 0x85, 0xc0, 0x78,
  0x12, 0x68, 0x64, 0x48, 0x40, 0x00, 0xe8, 0x2f, 0xdb, 0xff, 0xff, 0x83,
  0xc4, 0x04, 0xe9, 0xd9, 0x00, 0x00, 0x00, 0xc7, 0x45, 0xfc, 0x00, 0x00,
  0x00, 0x00, 0xeb, 0x51, 0x68, 0x84, 0x48, 0x40, 0x00, 0xe8, 0x18, 0xdc,
  0xff, 0xff, 0x83, 0xc4, 0x04, 0x8b, 0x55, 0xfc, 0x89, 0x44, 0x95, 0xac,
  0x8b, 0x45, 0xfc, 0x8b, 0x44, 0x85, 0xac, 0x85, 0xc0, 0x79, 0x2e, 0x68,
  0x8d, 0x48, 0x40, 0x00, 0xe8, 0xf5, 0xda, 0xff, 0xff, 0x83, 0xc4, 0x04,
  0xeb, 0x14, 0x83, 0x6d, 0xfc, 0x01, 0x8b, 0x45, 0xfc, 0x8b, 0x44, 0x85,
  0xac, 0x50, 0xe8, 0x0f, 0xdc, 0xff, 0xff, 0x83, 0xc4, 0x04, 0x83, 0x7d,
  0xfc, 0x00, 0x7f, 0xe6, 0xe9, 0x83, 0x00, 0x00, 0x00, 0x83, 0x45, 0xfc,
  0x01, 0x83, 0x7d, 0xfc, 0x07, 0x7e, 0xa9, 0x68, 0x84, 0x48, 0x40, 0x00,
  0xe8, 0xc1, 0xdb, 0xff, 0xff, 0x83, 0xc4, 0x04, 0x89, 0x45, 0xcc, 0x8b,
  0x45, 0xcc, 0x85, 0xc0, 0x78, 0x32, 0x68, 0xa7, 0x48, 0x40, 0x00, 0xe8,
  0xa6, 0xda, 0xff, 0xff, 0x83, 0xc4, 0x04, 0xc7, 0x45, 0xfc, 0x00, 0x00,
  0x00, 0x00, 0xeb, 0x14, 0x8b, 0x45, 0xfc, 0x8b, 0x44, 0x85, 0xac, 0x50,
  0xe8, 0xbd, 0xdb, 0xff, 0xff, 0x83, 0xc4, 0x04, 0x83, 0x45, 0xfc, 0x01,
  0x83, 0x7d, 0xfc, 0x08, 0x7e, 0xe6, 0xeb, 0x30, 0xc7, 0x45, 0xfc, 0x00,
  0x00, 0x00, 0x00, 0xeb, 0x14, 0x8b, 0x45, 0xfc, 0x8b, 0x44, 0x85, 0xac,
  0x50, 0xe8, 0x98, 0xdb, 0xff, 0xff, 0x83, 0xc4, 0x04, 0x83, 0x45, 0xfc,
  0x01, 0x83, 0x7d, 0xfc, 0x07, 0x7e, 0xe6, 0x68, 0xc1, 0x48, 0x40, 0x00,
  0xe8, 0x51, 0xda, 0xff, 0xff, 0x83, 0xc4, 0x04, 0xc9, 0xc3, 0x55, 0x89,
  0xe5, 0x83, 0xec, 0x30, 0xc7, 0x45, 0xfc, 0x00, 0x00, 0x00, 0x00, 0x68,
  0xcc, 0x48, 0x40, 0x00, 0xe8, 0x35, 0xda, 0xff, 0xff, 0x83, 0xc4, 0x04,
  0xe9, 0xb6, 0x00, 0x00, 0x00, 0x8b, 0x45, 0xd0, 0x50, 0xe8, 0x15, 0xe8,
  0xff, 0xff, 0x83, 0xc4, 0x04, 0x68, 0xf9, 0x48, 0x40, 0x00, 0xe8, 0x17,
  0xda, 0xff, 0xff, 0x83, 0xc4, 0x04, 0x8b, 0x45, 0xd4, 0x50, 0xe8, 0xfc,
  0xe7, 0xff, 0xff, 0x83, 0xc4, 0x04, 0x68, 0xfe, 0x48, 0x40, 0x00, 0xe8,
  0xfe, 0xd9, 0xff, 0xff, 0x83, 0xc4, 0x04, 0x8b, 0x45, 0xd8, 0x50, 0xe8,
  0x7b, 0xdd, 0xff, 0xff, 0x83, 0xc4, 0x04, 0x68, 0x04, 0x49, 0x40, 0x00,
  0xe8, 0xe5, 0xd9, 0xff, 0xff, 0x83, 0xc4, 0x04, 0x8b, 0x45, 0xdc, 0x50,
  0xe8, 0xca, 0xe7, 0xff, 0xff, 0x83, 0xc4, 0x04, 0x68, 0x04, 0x49, 0x40,
  0x00, 0xe8, 0xcc, 0xd9, 0xff, 0xff, 0x83, 0xc4, 0x04, 0x8b, 0x45, 0xe0,
  0x50, 0xe8, 0xb1, 0xe7, 0xff, 0xff, 0x83, 0xc4, 0x04, 0x68, 0x04, 0x49,
  0x40, 0x00, 0xe8, 0xb3, 0xd9, 0xff, 0xff, 0x83, 0xc4, 0x04, 0x8b, 0x45,
  0xe4, 0x50, 0xe8, 0x98, 0xe7, 0xff, 0xff, 0x83, 0xc4, 0x04, 0x68, 0x04,
  0x49, 0x40, 0x00, 0xe8, 0x9a, 0xd9, 0xff, 0xff, 0x83, 0xc4, 0x04, 0x8d,
  0x45, 0xd0, 0x83, 0xc0, 0x1c, 0x50, 0xe8, 0x8b, 0xd9, 0xff, 0xff, 0x83,
  0xc4, 0x04, 0x68, 0xee, 0x42, 0x40, 0x00, 0xe8, 0x7e, 0xd9, 0xff, 0xff,
  0x83, 0xc4, 0x04, 0x83, 0x45, 0xfc, 0x01, 0x8d, 0x45, 0xd0, 0x50, 0xff,
  0x75, 0xfc, 0xe8, 0x22, 0xda, 0xff, 0xff, 0x83, 0xc4, 0x08, 0x85, 0xc0,
  0x0f, 0x84, 0x33, 0xff, 0xff, 0xff, 0x90, 0x90, 0xc9, 0xc3, 0x55, 0x89,
  0xe5, 0x83, 0xec, 0x40, 0xc7, 0x45, 0xfc, 0x00, 0x00, 0x00, 0x00, 0xc7,
  0x45, 0xf8, 0x00, 0x00, 0x00, 0x00, 0xc7, 0x45, 0xf4, 0x01, 0x00, 0x00,
  0x00, 0xeb, 0x2c, 0x8b, 0x45, 0xd0, 0x83, 0xf8, 0x02, 0x75, 0x20, 0x68,
  0x08, 0x49, 0x40, 0x00, 0x8d, 0x45, 0xc8, 0x83, 0xc0, 0x1c, 0x50, 0xe8,
  0xb6, 0xdb, 0xff, 0xff, 0x83, 0xc4, 0x08, 0x85, 0xc0, 0x74, 0x08, 0x8b,
  0x45, 0xc8, 0x89, 0x45, 0xf8, 0xeb, 0x17, 0x83, 0x45, 0xfc, 0x01, 0x8d,
  0x45, 0xc8, 0x50, 0xff, 0x75, 0xfc, 0xe8, 0xbe, 0xd9, 0xff, 0xff, 0x83,
  0xc4, 0x08, 0x85, 0xc0, 0x74, 0xc1, 0x83, 0x7d, 0xf8, 0x00, 0x75, 0x12,
  0x68, 0x0e, 0x49, 0x40, 0x00, 0xe8, 0xf0, 0xd8, 0xff, 0xff, 0x83, 0xc4,
  0x04, 0xe9, 0xca, 0x00, 0x00, 0x00, 0xc7, 0x45, 0xfc, 0x00, 0x00, 0x00,
  0x00, 0xe9, 0x94, 0x00, 0x00, 0x00, 0x8b, 0x45, 0xcc, 0x39, 0x45, 0xf8,
  0x0f, 0x85, 0x84, 0x00, 0x00, 0x00, 0x8b, 0x45, 0xe0, 0x85, 0xc0, 0x74,
  0x7d, 0x83, 0x7d, 0xf4, 0x01, 0x75, 0x0d, 0x68, 0x22, 0x49, 0x40, 0x00,
  0xe8, 0xb9, 0xd8, 0xff, 0xff, 0x83, 0xc4, 0x04, 0xff, 0x75, 0xf4, 0xe8,
  0x9f, 0xe6, 0xff, 0xff, 0x83, 0xc4, 0x04, 0x68, 0xf9, 0x48, 0x40, 0x00,
  0xe8, 0xa1, 0xd8, 0xff, 0xff, 0x83, 0xc4, 0x04, 0x8b, 0x45, 0xc8, 0x50,
  0xe8, 0x86, 0xe6, 0xff, 0xff, 0x83, 0xc4, 0x04, 0x68, 0xf9, 0x48, 0x40,
  0x00, 0xe8, 0x88, 0xd8, 0xff, 0xff, 0x83, 0xc4, 0x04, 0x8b, 0x45, 0xd0,
  0x50, 0xe8, 0x05, 0xdc, 0xff, 0xff, 0x83, 0xc4, 0x04, 0x68, 0x04, 0x49,
  0x40, 0x00, 0xe8, 0x6f, 0xd8, 0xff, 0xff, 0x83, 0xc4, 0x04, 0x8d, 0x45,
  0xc8, 0x83, 0xc0, 0x1c, 0x50, 0xe8, 0x60, 0xd8, 0xff, 0xff, 0x83, 0xc4,
  0x04, 0x68, 0xee, 0x42, 0x40, 0x00, 0xe8, 0x53, 0xd8, 0xff, 0xff, 0x83,
  0xc4, 0x04, 0x83, 0x45, 0xf4, 0x01, 0x83, 0x45, 0xfc, 0x01, 0x8d, 0x45,
  0xc8, 0x50, 0xff, 0x75, 0xfc, 0xe8, 0xf3, 0xd8, 0xff, 0xff, 0x83, 0xc4,
  0x08, 0x85, 0xc0, 0x0f, 0x84, 0x55, 0xff, 0xff, 0xff, 0x83, 0x7d, 0xf4,
  0x01, 0x75, 0x0d, 0x68, 0x0e, 0x49, 0x40, 0x00, 0xe8, 0x21, 0xd8, 0xff,
  0xff, 0x83, 0xc4, 0x04, 0xc9, 0xc3, 0x55, 0x89, 0xe5, 0x83, 0xec, 0x10,
  0xc7, 0x45, 0xfc, 0x00, 0x00, 0x00, 0x00, 0xc7, 0x45, 0xf8, 0x00, 0x00,
  0x00, 0x00, 0x83, 0x7d, 0x08, 0x01, 0x7f, 0x12, 0x68, 0x3c, 0x49, 0x40,
  0x00, 0xe8, 0xf8, 0xd7, 0xff, 0xff, 0x83, 0xc4, 0x04, 0xe9, 0xe1, 0x00,
  0x00, 0x00, 0x83, 0x7d, 0x08, 0x02, 0x75, 0x59, 0x8b, 0x45, 0x0c, 0x83,
  0xc0, 0x04, 0x8b, 0x00, 0x8d, 0x55, 0xfc, 0x52, 0x50, 0xe8, 0x87, 0xe6,
  0xff, 0xff, 0x83, 0xc4, 0x08, 0x85, 0xc0, 0x75, 0x12, 0x68, 0x52, 0x49,
  0x40, 0x00, 0xe8, 0xc7, 0xd7, 0xff, 0xff, 0x83, 0xc4, 0x04, 0xe9, 0xb0,
  0x00, 0x00, 0x00, 0x8b, 0x45, 0xfc, 0x85, 0xc0, 0x0f, 0x84, 0x9e, 0x00,
  0x00, 0x00, 0x8b, 0x45, 0xfc, 0x50, 0xe8, 0xe1, 0xd7, 0xff, 0xff, 0x83,
  0xc4, 0x04, 0x85, 0xc0, 0x0f, 0x89, 0x8d, 0x00, 0x00, 0x00, 0x68, 0x61,
  0x49, 0x40, 0x00, 0xe8, 0x96, 0xd7, 0xff, 0xff, 0x83, 0xc4, 0x04, 0xeb,
  0x7e, 0x83, 0x7d, 0x08, 0x03, 0x75, 0x66, 0x8b, 0x45, 0x0c, 0x83, 0xc0,
  0x04, 0x8b, 0x00, 0x8d, 0x55, 0xfc, 0x52, 0x50, 0xe8, 0x28, 0xe6, 0xff,
  0xff, 0x83, 0xc4, 0x08, 0x85, 0xc0, 0x74, 0x19, 0x8b, 0x45, 0x0c, 0x83,
  0xc0, 0x08, 0x8b, 0x00, 0x8d, 0x55, 0xf8, 0x52, 0x50, 0xe8, 0x0f, 0xe6,
  0xff, 0xff, 0x83, 0xc4, 0x08, 0x85, 0xc0, 0x75, 0x0f, 0x68, 0x52, 0x49,
  0x40, 0x00, 0xe8, 0x4f, 0xd7, 0xff, 0xff, 0x83, 0xc4, 0x04, 0xeb, 0x3b,
  0x8b, 0x45, 0xf8, 0x89, 0xc2, 0x8b, 0x45, 0xfc, 0x52, 0x50, 0xe8, 0x84,
  0xd7, 0xff, 0xff, 0x83, 0xc4, 0x08, 0x85, 0xc0, 0x79, 0x24, 0x68, 0x61,
  0x49, 0x40, 0x00, 0xe8, 0x2a, 0xd7, 0xff, 0xff, 0x83, 0xc4, 0x04, 0xeb,
  0x15, 0x68, 0x3c, 0x49, 0x40, 0x00, 0xe8, 0x1b, 0xd7, 0xff, 0xff, 0x83,
  0xc4, 0x04, 0xeb, 0x07, 0x90, 0xeb, 0x04, 0x90, 0xeb, 0x01, 0x90, 0xc9,
  0xc3, 0x55, 0x89, 0xe5, 0x68, 0x6f, 0x49, 0x40, 0x00, 0xe8, 0x00, 0xd7,
  0xff, 0xff, 0x83, 0xc4, 0x04, 0x68, 0x7a, 0x49, 0x40, 0x00, 0xe8, 0xf3,
  0xd6, 0xff, 0xff, 0x83, 0xc4, 0x04, 0x68, 0x82, 0x49, 0x40, 0x00, 0xe8,
  0xe6, 0xd6, 0xff, 0xff, 0x83, 0xc4, 0x04, 0x68, 0x8b, 0x49, 0x40, 0x00,
  0xe8, 0xd9, 0xd6, 0xff, 0xff, 0x83, 0xc4, 0x04, 0x68, 0x9a, 0x49, 0x40,
  0x00, 0xe8, 0xcc, 0xd6, 0xff, 0xff, 0x83, 0xc4, 0x04, 0x68, 0xb2, 0x49,
  0x40, 0x00, 0xe8, 0xbf, 0xd6, 0xff, 0xff, 0x83, 0xc4, 0x04, 0x68, 0xcb,
  0x49, 0x40, 0x00, 0xe8, 0xb2, 0xd6, 0xff, 0xff, 0x83, 0xc4, 0x04, 0x68,
  0xe4, 0x49, 0x40, 0x00, 0xe8, 0xa5, 0xd6, 0xff, 0xff, 0x83, 0xc4, 0x04,
  0x68, 0x08, 0x4a, 0x40, 0x00, 0xe8, 0x98, 0xd6, 0xff, 0xff, 0x83, 0xc4,
  0x04, 0x68, 0x2a, 0x4a, 0x40, 0x00, 0xe8, 0x8b, 0xd6, 0xff, 0xff, 0x83,
  0xc4, 0x04, 0x68, 0x3e, 0x4a, 0x40, 0x00, 0xe8, 0x7e, 0xd6, 0xff, 0xff,
  0x83, 0xc4, 0x04, 0x68, 0x5c, 0x4a, 0x40, 0x00, 0xe8, 0x71, 0xd6, 0xff,
  0xff, 0x83, 0xc4, 0x04, 0x68, 0x8c, 0x4a, 0x40, 0x00, 0xe8, 0x64, 0xd6,
  0xff, 0xff, 0x83, 0xc4, 0x04, 0x68, 0xc0, 0x4a, 0x40, 0x00, 0xe8, 0x57,
  0xd6, 0xff, 0xff, 0x83, 0xc4, 0x04, 0x68, 0xfc, 0x4a, 0x40, 0x00, 0xe8,
  0x4a, 0xd6, 0xff, 0xff, 0x83, 0xc4, 0x04, 0x68, 0x38, 0x4b, 0x40, 0x00,
  0xe8, 0x3d, 0xd6, 0xff, 0xff, 0x83, 0xc4, 0x04, 0x68, 0x70, 0x4b, 0x40,
  0x00, 0xe8, 0x30, 0xd6, 0xff, 0xff, 0x83, 0xc4, 0x04, 0x68, 0xa9, 0x4b,
  0x40, 0x00, 0xe8, 0x23, 0xd6, 0xff, 0xff, 0x83, 0xc4, 0x04, 0x68, 0xc3,
  0x4b, 0x40, 0x00, 0xe8, 0x16, 0xd6, 0xff, 0xff, 0x83, 0xc4, 0x04, 0x68,
  0xcb, 0x4b, 0x40, 0x00, 0xe8, 0x09, 0xd6, 0xff, 0xff, 0x83, 0xc4, 0x04,
  0x68, 0xd9, 0x4b, 0x40, 0x00, 0xe8, 0xfc, 0xd5, 0xff, 0xff, 0x83, 0xc4,
  0x04, 0x68, 0xe7, 0x4b, 0x40, 0x00, 0xe8, 0xef, 0xd5, 0xff, 0xff, 0x83,
  0xc4, 0x04, 0x68, 0xed, 0x4b, 0x40, 0x00, 0xe8, 0xe2, 0xd5, 0xff, 0xff,
  0x83, 0xc4, 0x04, 0x68, 0xfb, 0x4b, 0x40, 0x00, 0xe8, 0xd5, 0xd5, 0xff,
  0xff, 0x83, 0xc4, 0x04, 0x68, 0x0b, 0x4c, 0x40, 0x00, 0xe8, 0xc8, 0xd5,
  0xff, 0xff, 0x83, 0xc4, 0x04, 0x68, 0x26, 0x4c, 0x40, 0x00, 0xe8, 0xbb,
  0xd5, 0xff, 0xff, 0x83, 0xc4, 0x04, 0x68, 0x3e, 0x4c, 0x40, 0x00, 0xe8,
  0xae, 0xd5, 0xff, 0xff, 0x83, 0xc4, 0x04, 0x68, 0x4c, 0x4c, 0x40, 0x00,
  0xe8, 0xa1, 0xd5, 0xff, 0xff, 0x83, 0xc4, 0x04, 0x68, 0x76, 0x4c, 0x40,
  0x00, 0xe8, 0x94, 0xd5, 0xff, 0xff, 0x83, 0xc4, 0x04, 0x68, 0x80, 0x4c,
  0x40, 0x00, 0xe8, 0x87, 0xd5, 0xff, 0xff, 0x83, 0xc4, 0x04, 0x68, 0x89,
  0x4c, 0x40, 0x00, 0xe8, 0x7a, 0xd5, 0xff, 0xff, 0x83, 0xc4, 0x04, 0x68,
  0x9a, 0x4c, 0x40, 0x00, 0xe8, 0x6d, 0xd5, 0xff, 0xff, 0x83, 0xc4, 0x04,
  0x68, 0xa3, 0x4c, 0x40, 0x00, 0xe8, 0x60, 0xd5, 0xff, 0xff, 0x83, 0xc4,
  0x04, 0x68, 0xab, 0x4c, 0x40, 0x00, 0xe8, 0x53, 0xd5, 0xff, 0xff, 0x83,
  0xc4, 0x04, 0x68, 0xb8, 0x4c, 0x40, 0x00, 0xe8, 0x46, 0xd5, 0xff, 0xff,
  0x83, 0xc4, 0x04, 0x90, 0xc9, 0xc3, 0x55, 0x89, 0xe5, 0x56, 0x53, 0x81,
  0xec, 0xa0, 0x00, 0x00, 0x00, 0x68, 0xfd, 0x4c, 0x40, 0x00, 0xe8, 0x2b,
  0xd5, 0xff, 0xff, 0x83, 0xc4, 0x04, 0x68, 0x0a, 0x4d, 0x40, 0x00, 0xe8,
  0x1e, 0xd5, 0xff, 0xff, 0x83, 0xc4, 0x04, 0x68, 0x80, 0x00, 0x00, 0x00,
  0x68, 0xa0, 0x60, 0x40, 0x00, 0xe8, 0x00, 0xe6, 0xff, 0xff, 0x83, 0xc4,
  0x08, 0x6a, 0x0b, 0x68, 0x20, 0x61, 0x40, 0x00, 0x68, 0xa0, 0x60, 0x40,
  0x00, 0xe8, 0xa4, 0xe6, 0xff, 0xff, 0x83, 0xc4, 0x0c, 0x89, 0x45, 0xec,
  0x83, 0x7d, 0xec, 0x00, 0x79, 0x12, 0x68, 0x4e, 0x46, 0x40, 0x00, 0xe8,
  0xe2, 0xd4, 0xff, 0xff, 0x83, 0xc4, 0x04, 0xe9, 0x0a, 0x0a, 0x00, 0x00,
  0x83, 0x7d, 0xec, 0x00, 0x0f, 0x84, 0xff, 0x09, 0x00, 0x00, 0xc7, 0x45,
  0xbc, 0xff, 0xff, 0xff, 0xff, 0x6a, 0x0b, 0x68, 0x60, 0x61, 0x40, 0x00,
  0x68, 0x20, 0x61, 0x40, 0x00, 0xff, 0x75, 0xec, 0xe8, 0xd7, 0xdc, 0xff,
  0xff, 0x83, 0xc4, 0x10, 0x89, 0x45, 0xe8, 0x83, 0x7d, 0xe8, 0x00, 0x78,
  0x16, 0x8d, 0x45, 0xbc, 0x50, 0x68, 0x20, 0x61, 0x40, 0x00, 0xff, 0x75,
  0xec, 0xe8, 0x48, 0xdc, 0xff, 0xff, 0x83, 0xc4, 0x0c, 0xeb, 0x05, 0xb8,
  0xff, 0xff, 0xff, 0xff, 0x89, 0x45, 0xe4, 0x83, 0x7d, 0xe4, 0x00, 0x79,
  0x12, 0x68, 0x13, 0x4d, 0x40, 0x00, 0xe8, 0x7b, 0xd4, 0xff, 0xff, 0x83,
  0xc4, 0x04, 0xe9, 0xa3, 0x09, 0x00, 0x00, 0xc7, 0x45, 0xb8, 0xff, 0xff,
  0xff, 0xff, 0xc7, 0x45, 0xb4, 0x00, 0x00, 0x00, 0x00, 0x8d, 0x45, 0xb4,
  0x50, 0x8d, 0x45, 0xb8, 0x50, 0x68, 0x20, 0x61, 0x40, 0x00, 0xff, 0x75,
  0xec, 0xe8, 0xe2, 0xda, 0xff, 0xff, 0x83, 0xc4, 0x10, 0x89, 0x45, 0xe0,
  0x83, 0x7d, 0xe0, 0x00, 0x79, 0x12, 0x68, 0x5b, 0x42, 0x40, 0x00, 0xe8,
  0x3a, 0xd4, 0xff, 0xff, 0x83, 0xc4, 0x04, 0xe9, 0x62, 0x09, 0x00, 0x00,
  0xc7, 0x45, 0xb0, 0xff, 0xff, 0xff, 0xff, 0x8d, 0x45, 0xb0, 0x50, 0x68,
  0x20, 0x61, 0x40, 0x00, 0xff, 0x75, 0xec, 0xe8, 0x58, 0xdb, 0xff, 0xff,
  0x83, 0xc4, 0x0c, 0x89, 0x45, 0xdc, 0x83, 0x7d, 0xdc, 0x00, 0x79, 0x12,
  0x68, 0xcc, 0x44, 0x40, 0x00, 0xe8, 0x04, 0xd4, 0xff, 0xff, 0x83, 0xc4,
  0x04, 0xe9, 0x2c, 0x09, 0x00, 0x00, 0x83, 0x7d, 0xe8, 0x00, 0x0f, 0x8e,
  0x61, 0x02, 0x00, 0x00, 0x83, 0x7d, 0xe8, 0x01, 0x7e, 0x23, 0x6a, 0x00,
  0x6a, 0x00, 0x6a, 0x00, 0x68, 0x60, 0x61, 0x40, 0x00, 0xff, 0x75, 0xe8,
  0x68, 0x20, 0x61, 0x40, 0x00, 0xff, 0x75, 0xec, 0xe8, 0xbd, 0xee, 0xff,
  0xff, 0x83, 0xc4, 0x1c, 0xe9, 0xf9, 0x08, 0x00, 0x00, 0x8b, 0x45, 0xbc,
  0x85, 0xc0, 0x74, 0x0b, 0x8b, 0x45, 0xbc, 0x83, 0xc0, 0x01, 0x39, 0x45,
  0xec, 0x7f, 0x12, 0x68, 0xb5, 0x44, 0x40, 0x00, 0xe8, 0xad, 0xd3, 0xff,
  0xff, 0x83, 0xc4, 0x04, 0xe9, 0xd5, 0x08, 0x00, 0x00, 0x8b, 0x55, 0xb0,
  0x8b, 0x45, 0xbc, 0x39, 0xc2, 0x7e, 0x12, 0x68, 0x2c, 0x45, 0x40, 0x00,
  0xe8, 0x91, 0xd3, 0xff, 0xff, 0x83, 0xc4, 0x04, 0xe9, 0xb9, 0x08, 0x00,
  0x00, 0x8b, 0x45, 0xb8, 0x85, 0xc0, 0x78, 0x1c, 0x8b, 0x55, 0xb8, 0x8b,
  0x45, 0xbc, 0x39, 0xc2, 0x7d, 0x12, 0x68, 0x2c, 0x4d, 0x40, 0x00, 0xe8,
  0x6e, 0xd3, 0xff, 0xff, 0x83, 0xc4, 0x04, 0xe9, 0x96, 0x08, 0x00, 0x00,
  0x8b, 0x45, 0xbc, 0x89, 0x45, 0xf0, 0x8b, 0x45, 0xb0, 0x85, 0xc0, 0x78,
  0x78, 0x8b, 0x55, 0xb0, 0x8b, 0x45, 0xbc, 0x8d, 0x8d, 0x60, 0xff, 0xff,
  0xff, 0x51, 0x52, 0x6a, 0x00, 0x6a, 0xff, 0x68, 0x20, 0x61, 0x40, 0x00,
  0x50, 0xe8, 0xe2, 0xdb, 0xff, 0xff, 0x83, 0xc4, 0x18, 0x89, 0x45, 0xc4,
  0x83, 0x7d, 0xc4, 0x00, 0x79, 0x10, 0xff, 0x75, 0xc4, 0xe8, 0xce, 0xde,
  0xff, 0xff, 0x83, 0xc4, 0x04, 0xe9, 0x50, 0x08, 0x00, 0x00, 0x8b, 0x85,
  0x7c, 0xff, 0xff, 0xff, 0x83, 0xf8, 0x01, 0x75, 0x12, 0x68, 0x64, 0x4d,
  0x40, 0x00, 0xe8, 0x0b, 0xd3, 0xff, 0xff, 0x83, 0xc4, 0x04, 0xe9, 0x33,
  0x08, 0x00, 0x00, 0x8b, 0x85, 0x7c, 0xff, 0xff, 0xff, 0x85, 0xc0, 0x7e,
  0x2c, 0x8b, 0x45, 0xbc, 0x8d, 0x95, 0x60, 0xff, 0xff, 0xff, 0x52, 0x50,
  0xe8, 0x5f, 0xde, 0xff, 0xff, 0x83, 0xc4, 0x08, 0x89, 0x45, 0xf0, 0xeb,
  0x14, 0xc7, 0x85, 0x60, 0xff, 0xff, 0xff, 0x00, 0x00, 0x00, 0x00, 0xc7,
  0x85, 0x68, 0xff, 0xff, 0xff, 0x00, 0x00, 0x00, 0x00, 0xc7, 0x45, 0xac,
  0xff, 0xff, 0xff, 0xff, 0xc7, 0x45, 0xa8, 0x00, 0x00, 0x00, 0x00, 0x8b,
  0x45, 0xbc, 0x8b, 0x55, 0xec, 0x29, 0xc2, 0x8d, 0x42, 0xff, 0x89, 0x45,
  0xf4, 0x8b, 0x45, 0xb8, 0x85, 0xc0, 0x0f, 0x88, 0xc9, 0x00, 0x00, 0x00,
  0x8b, 0x45, 0xbc, 0x83, 0xc0, 0x01, 0xc1, 0xe0, 0x02, 0x8d, 0x88, 0x20,
  0x61, 0x40, 0x00, 0x8b, 0x45, 0xbc, 0x8b, 0x55, 0xec, 0x29, 0xc2, 0x83,
  0xea, 0x01, 0x8d, 0x45, 0xa8, 0x50, 0x8d, 0x45, 0xac, 0x50, 0x51, 0x52,
  0xe8, 0x0f, 0xd9, 0xff, 0xff, 0x83, 0xc4, 0x10, 0x89, 0x45, 0xc0, 0x83,
  0x7d, 0xc0, 0x00, 0x79, 0x12, 0x68, 0x5b, 0x42, 0x40, 0x00, 0xe8, 0x67,
  0xd2, 0xff, 0xff, 0x83, 0xc4, 0x04, 0xe9, 0x8f, 0x07, 0x00, 0x00, 0x8b,
  0x55, 0xa8, 0x8b, 0x45, 0xac, 0x8b, 0x4d, 0xbc, 0x83, 0xc1, 0x01, 0xc1,
  0xe1, 0x02, 0x8d, 0xb1, 0x20, 0x61, 0x40, 0x00, 0x8b, 0x4d, 0xbc, 0x8b,
  0x5d, 0xec, 0x29, 0xcb, 0x83, 0xeb, 0x01, 0x8d, 0x4d, 0x80, 0x51, 0x6a,
  0xff, 0x52, 0x50, 0x56, 0x53, 0xe8, 0xd6, 0xda, 0xff, 0xff, 0x83, 0xc4,
  0x18, 0x89, 0x45, 0xc0, 0x83, 0x7d, 0xc0, 0x00, 0x79, 0x10, 0xff, 0x75,
  0xc0, 0xe8, 0xc2, 0xdd, 0xff, 0xff, 0x83, 0xc4, 0x04, 0xe9, 0x44, 0x07,
  0x00, 0x00, 0x8b, 0x45, 0x9c, 0x83, 0xf8, 0x01, 0x75, 0x12, 0x68, 0x64,
  0x4d, 0x40, 0x00, 0xe8, 0x02, 0xd2, 0xff, 0xff, 0x83, 0xc4, 0x04, 0xe9,
  0x2a, 0x07, 0x00, 0x00, 0x8b, 0x45, 0xbc, 0x8b, 0x55, 0xec, 0x29, 0xc2,
  0x83, 0xea, 0x01, 0x8d, 0x45, 0x80, 0x50, 0x52, 0xe8, 0x5b, 0xdd, 0xff,
  0xff, 0x83, 0xc4, 0x08, 0x89, 0x45, 0xf4, 0xeb, 0x15, 0xc7, 0x45, 0x8c,
  0x00, 0x00, 0x00, 0x00, 0xc7, 0x45, 0x94, 0x00, 0x00, 0x00, 0x00, 0xc7,
  0x45, 0x98, 0x00, 0x00, 0x00, 0x00, 0x8b, 0x4d, 0x94, 0x8b, 0x55, 0x98,
  0x8b, 0x85, 0x68, 0xff, 0xff, 0xff, 0x8b, 0x5d, 0xbc, 0x83, 0xc3, 0x01,
  0xc1, 0xe3, 0x02, 0x81, 0xc3, 0x20, 0x61, 0x40, 0x00, 0x51, 0x52, 0x50,
  0x53, 0xff, 0x75, 0xf4, 0x68, 0x20, 0x61, 0x40, 0x00, 0xff, 0x75, 0xf0,
  0xe8, 0x0c, 0xf1, 0xff, 0xff, 0x83, 0xc4, 0x1c, 0xe9, 0xc1, 0x06, 0x00,
  0x00, 0x8b, 0x45, 0xb0, 0x85, 0xc0, 0x78, 0x29, 0xa1, 0x20, 0x61, 0x40,
  0x00, 0x68, 0xb1, 0x44, 0x40, 0x00, 0x50, 0xe8, 0x0a, 0xd4, 0xff, 0xff,
  0x83, 0xc4, 0x08, 0x85, 0xc0, 0x75, 0x12, 0x68, 0x88, 0x4d, 0x40, 0x00,
  0xe8, 0x69, 0xd1, 0xff, 0xff, 0x83, 0xc4, 0x04, 0xe9, 0x91, 0x06, 0x00,
  0x00, 0x8b, 0x45, 0xb8, 0x85, 0xc0, 0x78, 0x76, 0xa1, 0x20, 0x61, 0x40,
  0x00, 0x68, 0xfa, 0x42, 0x40, 0x00, 0x50, 0xe8, 0xda, 0xd3, 0xff, 0xff,
  0x83, 0xc4, 0x08, 0x85, 0xc0, 0x74, 0x36, 0x8b, 0x45, 0xb0, 0x85, 0xc0,
  0x78, 0x12, 0x68, 0xb0, 0x4d, 0x40, 0x00, 0xe8, 0x32, 0xd1, 0xff, 0xff,
  0x83, 0xc4, 0x04, 0xe9, 0x5a, 0x06, 0x00, 0x00, 0x8b, 0x55, 0xb4, 0x8b,
  0x45, 0xb8, 0x52, 0x50, 0x68, 0x20, 0x61, 0x40, 0x00, 0xff, 0x75, 0xec,
  0xe8, 0xa0, 0xdd, 0xff, 0xff, 0x83, 0xc4, 0x10, 0xe9, 0x3d, 0x06, 0x00,
  0x00, 0xa1, 0x20, 0x61, 0x40, 0x00, 0x68, 0xb1, 0x44, 0x40, 0x00, 0x50,
  0xe8, 0x8d, 0xd3, 0xff, 0xff, 0x83, 0xc4, 0x08, 0x85, 0xc0, 0x75, 0x12,
  0x68, 0xdc, 0x4d, 0x40, 0x00, 0xe8, 0xec, 0xd0, 0xff, 0xff, 0x83, 0xc4,
  0x04, 0xe9, 0x14, 0x06, 0x00, 0x00, 0xa1, 0x20, 0x61, 0x40, 0x00, 0x68,
  0x01, 0x4e, 0x40, 0x00, 0x50, 0xe8, 0x64, 0xd3, 0xff, 0xff, 0x83, 0xc4,
  0x08, 0x85, 0xc0, 0x74, 0x0a, 0xe8, 0xbb, 0xf9, 0xff, 0xff, 0xe9, 0xf3,
  0x05, 0x00, 0x00, 0xa1, 0x20, 0x61, 0x40, 0x00, 0x68, 0xfa, 0x42, 0x40,
  0x00, 0x50, 0xe8, 0x43, 0xd3, 0xff, 0xff, 0x83, 0xc4, 0x08, 0x85, 0xc0,
  0x74, 0x15, 0x68, 0x20, 0x61, 0x40, 0x00, 0xff, 0x75, 0xec, 0xe8, 0xc9,
  0xf0, 0xff, 0xff, 0x83, 0xc4, 0x08, 0xe9, 0xc7, 0x05, 0x00, 0x00, 0xa1,
  0x20, 0x61, 0x40, 0x00, 0x68, 0x06, 0x4e, 0x40, 0x00, 0x50, 0xe8, 0x17,
  0xd3, 0xff, 0xff, 0x83, 0xc4, 0x08, 0x85, 0xc0, 0x74, 0x0a, 0xe8, 0x6f,
  0xd1, 0xff, 0xff, 0xe9, 0xa6, 0x05, 0x00, 0x00, 0xa1, 0x20, 0x61, 0x40,
  0x00, 0x68, 0x0c, 0x4e, 0x40, 0x00, 0x50, 0xe8, 0xf6, 0xd2, 0xff, 0xff,
  0x83, 0xc4, 0x08, 0x85, 0xc0, 0x74, 0x0a, 0xe8, 0x0e, 0xf6, 0xff, 0xff,
  0xe9, 0x85, 0x05, 0x00, 0x00, 0xa1, 0x20, 0x61, 0x40, 0x00, 0x68, 0x0f,
  0x4e, 0x40, 0x00, 0x50, 0xe8, 0xd5, 0xd2, 0xff, 0xff, 0x83, 0xc4, 0x08,
  0x85, 0xc0, 0x74, 0x0a, 0xe8, 0xdd, 0xf6, 0xff, 0xff, 0xe9, 0x64, 0x05,
  0x00, 0x00, 0xa1, 0x20, 0x61, 0x40, 0x00, 0x68, 0x1d, 0x43, 0x40, 0x00,
  0x50, 0xe8, 0xb4, 0xd2, 0xff, 0xff, 0x83, 0xc4, 0x08, 0x85, 0xc0, 0x74,
  0x10, 0xff, 0x75, 0xec, 0xe8, 0x12, 0xf1, 0xff, 0xff, 0x83, 0xc4, 0x04,
  0xe9, 0x3d, 0x05, 0x00, 0x00, 0xa1, 0x20, 0x61, 0x40, 0x00, 0x68, 0x19,
  0x43, 0x40, 0x00, 0x50, 0xe8, 0x8d, 0xd2, 0xff, 0xff, 0x83, 0xc4, 0x08,
  0x85, 0xc0, 0x74, 0x15, 0x68, 0x20, 0x61, 0x40, 0x00, 0xff, 0x75, 0xec,
  0xe8, 0x9f, 0xf1, 0xff, 0xff, 0x83, 0xc4, 0x08, 0xe9, 0x11, 0x05, 0x00,
  0x00, 0xa1, 0x20, 0x61, 0x40, 0x00, 0x68, 0x14, 0x4e, 0x40, 0x00, 0x50,
  0xe8, 0x61, 0xd2, 0xff, 0xff, 0x83, 0xc4, 0x08, 0x85, 0xc0, 0x74, 0x15,
  0x68, 0x20, 0x61, 0x40, 0x00, 0xff, 0x75, 0xec, 0xe8, 0x2c, 0xf2, 0xff,
  0xff, 0x83, 0xc4, 0x08, 0xe9, 0xe5, 0x04, 0x00, 0x00, 0xa1, 0x20, 0x61,
  0x40, 0x00, 0x68, 0x25, 0x43, 0x40, 0x00, 0x50, 0xe8, 0x35, 0xd2, 0xff,
  0xff, 0x83, 0xc4, 0x08, 0x85, 0xc0, 0x74, 0x15, 0x68, 0x20, 0x61, 0x40,
  0x00, 0xff, 0x75, 0xec, 0xe8, 0x44, 0xf2, 0xff, 0xff, 0x83, 0xc4, 0x08,
  0xe9, 0xb9, 0x04, 0x00, 0x00, 0xa1, 0x20, 0x61, 0x40, 0x00, 0x68, 0x2f,
  0x43, 0x40, 0x00, 0x50, 0xe8, 0x09, 0xd2, 0xff, 0xff, 0x83, 0xc4, 0x08,
  0x85, 0xc0, 0x74, 0x15, 0x68, 0x20, 0x61, 0x40, 0x00, 0xff, 0x75, 0xec,
  0xe8, 0x95, 0xf2, 0xff, 0xff, 0x83, 0xc4, 0x08, 0xe9, 0x8d, 0x04, 0x00,
  0x00, 0xa1, 0x20, 0x61, 0x40, 0x00, 0x68, 0x1a, 0x4e, 0x40, 0x00, 0x50,
  0xe8, 0xdd, 0xd1, 0xff, 0xff, 0x83, 0xc4, 0x08, 0x85, 0xc0, 0x74, 0x15,
  0x68, 0x20, 0x61, 0x40, 0x00, 0xff, 0x75, 0xec, 0xe8, 0xe6, 0xf2, 0xff,
  0xff, 0x83, 0xc4, 0x08, 0xe9, 0x61, 0x04, 0x00, 0x00, 0xa1, 0x20, 0x61,
  0x40, 0x00, 0x68, 0x1d, 0x4e, 0x40, 0x00, 0x50, 0xe8, 0xb1, 0xd1, 0xff,
  0xff, 0x83, 0xc4, 0x08, 0x85, 0xc0, 0x74, 0x0a, 0xe8, 0x06, 0xf3, 0xff,
  0xff, 0xe9, 0x40, 0x04, 0x00, 0x00, 0xa1, 0x20, 0x61, 0x40, 0x00, 0x68,
  0x24, 0x4e, 0x40, 0x00, 0x50, 0xe8, 0x90, 0xd1, 0xff, 0xff, 0x83, 0xc4,
  0x08, 0x85, 0xc0, 0x75, 0x17, 0xa1, 0x20, 0x61, 0x40, 0x00, 0x68, 0x2b,
  0x4e, 0x40, 0x00, 0x50, 0xe8, 0x79, 0xd1, 0xff, 0xff, 0x83, 0xc4, 0x08,
  0x85, 0xc0, 0x74, 0x0a, 0xe8, 0x78, 0xef, 0xff, 0xff, 0xe9, 0x08, 0x04,
  0x00, 0x00, 0xa1, 0x20, 0x61, 0x40, 0x00, 0x68, 0x31, 0x4e, 0x40, 0x00,
  0x50, 0xe8, 0x58, 0xd1, 0xff, 0xff, 0x83, 0xc4, 0x08, 0x85, 0xc0, 0x74,
  0x15, 0x68, 0x20, 0x61, 0x40, 0x00, 0xff, 0x75, 0xec, 0xe8, 0x98, 0xf6,
  0xff, 0xff, 0x83, 0xc4, 0x08, 0xe9, 0xdc, 0x03, 0x00, 0x00, 0xa1, 0x20,
  0x61, 0x40, 0x00, 0x68, 0x37, 0x4e, 0x40, 0x00, 0x50, 0xe8, 0x2c, 0xd1,
  0xff, 0xff, 0x83, 0xc4, 0x08, 0x85, 0xc0, 0x0f, 0x84, 0xe8, 0x00, 0x00,
  0x00, 0xc7, 0x45, 0xa4, 0x00, 0x00, 0x00, 0x00, 0x83, 0x7d, 0xec, 0x01,
  0x75, 0x4a, 0xe8, 0x0e, 0xcf, 0xff, 0xff, 0x89, 0x45, 0xc8, 0x83, 0x7d,
  0xc8, 0x00, 0x7f, 0x12, 0x68, 0x3c, 0x4e, 0x40, 0x00, 0xe8, 0x6c, 0xce,
  0xff, 0xff, 0x83, 0xc4, 0x04, 0xe9, 0x94, 0x03, 0x00, 0x00, 0x68, 0x4d,
  0x4e, 0x40, 0x00, 0xe8, 0x5a, 0xce, 0xff, 0xff, 0x83, 0xc4, 0x04, 0xff,
  0x75, 0xc8, 0xe8, 0x40, 0xdc, 0xff, 0xff, 0x83, 0xc4, 0x04, 0x68, 0xee,
  0x42, 0x40, 0x00, 0xe8, 0x42, 0xce, 0xff, 0xff, 0x83, 0xc4, 0x04, 0xe9,
  0x6a, 0x03, 0x00, 0x00, 0x83, 0x7d, 0xec, 0x02, 0x74, 0x12, 0x68, 0x5d,
  0x4e, 0x40, 0x00, 0xe8, 0x2a, 0xce, 0xff, 0xff, 0x83, 0xc4, 0x04, 0xe9,
  0x52, 0x03, 0x00, 0x00, 0xa1, 0x24, 0x61, 0x40, 0x00, 0x8d, 0x55, 0xa4,
  0x52, 0x50, 0xe8, 0xc2, 0xdc, 0xff, 0xff, 0x83, 0xc4, 0x08, 0x85, 0xc0,
  0x75, 0x12, 0x68, 0x70, 0x4e, 0x40, 0x00, 0xe8, 0x02, 0xce, 0xff, 0xff,
  0x83, 0xc4, 0x04, 0xe9, 0x2a, 0x03, 0x00, 0x00, 0x8b, 0x45, 0xa4, 0x50,
  0xe8, 0x6e, 0xce, 0xff, 0xff, 0x83, 0xc4, 0x04, 0x89, 0x45, 0xc8, 0x83,
  0x7d, 0xc8, 0x00, 0x79, 0x12, 0x68, 0x96, 0x44, 0x40, 0x00, 0xe8, 0xdb,
  0xcd, 0xff, 0xff, 0x83, 0xc4, 0x04, 0xe9, 0x03, 0x03, 0x00, 0x00, 0x68,
  0x4d, 0x4e, 0x40, 0x00, 0xe8, 0xc9, 0xcd, 0xff, 0xff, 0x83, 0xc4, 0x04,
  0xff, 0x75, 0xc8, 0xe8, 0xaf, 0xdb, 0xff, 0xff, 0x83, 0xc4, 0x04, 0x68,
  0xee, 0x42, 0x40, 0x00, 0xe8, 0xb1, 0xcd, 0xff, 0xff, 0x83, 0xc4, 0x04,
  0xe9, 0xd9, 0x02, 0x00, 0x00, 0xa1, 0x20, 0x61, 0x40, 0x00, 0x68, 0x7d,
  0x4e, 0x40, 0x00, 0x50, 0xe8, 0x29, 0xd0, 0xff, 0xff, 0x83, 0xc4, 0x08,
  0x85, 0xc0, 0x74, 0x7b, 0xc7, 0x45, 0xa0, 0x00, 0x00, 0x00, 0x00, 0x83,
  0x7d, 0xec, 0x01, 0x7f, 0x12, 0x68, 0x82, 0x4e, 0x40, 0x00, 0xe8, 0x7b,
  0xcd, 0xff, 0xff, 0x83, 0xc4, 0x04, 0xe9, 0xa3, 0x02, 0x00, 0x00, 0xa1,
  0x24, 0x61, 0x40, 0x00, 0x8d, 0x55, 0xa0, 0x52, 0x50, 0xe8, 0x13, 0xdc,
  0xff, 0xff, 0x83, 0xc4, 0x08, 0x85, 0xc0, 0x75, 0x12, 0x68, 0x70, 0x4e,
  0x40, 0x00, 0xe8, 0x53, 0xcd, 0xff, 0xff, 0x83, 0xc4, 0x04, 0xe9, 0x7b,
  0x02, 0x00, 0x00, 0x8b, 0x45, 0xa0, 0x50, 0xe8, 0x0f, 0xce, 0xff, 0xff,
  0x83, 0xc4, 0x04, 0x85, 0xc0, 0x79, 0x12, 0x68, 0x95, 0x4e, 0x40, 0x00,
  0xe8, 0x31, 0xcd, 0xff, 0xff, 0x83, 0xc4, 0x04, 0xe9, 0x59, 0x02, 0x00,
  0x00, 0x68, 0xa2, 0x4e, 0x40, 0x00, 0xe8, 0x1f, 0xcd, 0xff, 0xff, 0x83,
  0xc4, 0x04, 0xe9, 0x47, 0x02, 0x00, 0x00, 0xa1, 0x20, 0x61, 0x40, 0x00,
  0x68, 0xb1, 0x44, 0x40, 0x00, 0x50, 0xe8, 0x97, 0xcf, 0xff, 0xff, 0x83,
  0xc4, 0x08, 0x85, 0xc0, 0x75, 0x1b, 0xa1, 0x20, 0x61, 0x40, 0x00, 0x68,
  0xaa, 0x4e, 0x40, 0x00, 0x50, 0xe8, 0x80, 0xcf, 0xff, 0xff, 0x83, 0xc4,
  0x08, 0x85, 0xc0, 0x0f, 0x84, 0x9c, 0x01, 0x00, 0x00, 0xa1, 0x20, 0x61,
  0x40, 0x00, 0x68, 0xaa, 0x4e, 0x40, 0x00, 0x50, 0xe8, 0x65, 0xcf, 0xff,
  0xff, 0x83, 0xc4, 0x08, 0x89, 0x45, 0xd8, 0x8b, 0x45, 0xec, 0x83, 0xe8,
  0x01, 0x89, 0x45, 0xd4, 0x83, 0x7d, 0xec, 0x01, 0x7f, 0x2a, 0x83, 0x7d,
  0xd8, 0x00, 0x74, 0x12, 0x68, 0xb0, 0x4e, 0x40, 0x00, 0xe8, 0xb0, 0xcc,
  0xff, 0xff, 0x83, 0xc4, 0x04, 0xe9, 0xd8, 0x01, 0x00, 0x00, 0x68, 0xc8,
  0x4e, 0x40, 0x00, 0xe8, 0x9e, 0xcc, 0xff, 0xff, 0x83, 0xc4, 0x04, 0xe9,
  0xc6, 0x01, 0x00, 0x00, 0x8b, 0x4d, 0xb0, 0x8b, 0x55, 0xb4, 0x8b, 0x45,
  0xb8, 0x8d, 0x5d, 0x80, 0x53, 0x51, 0x52, 0x50, 0x68, 0x20, 0x61, 0x40,
  0x00, 0xff, 0x75, 0xec, 0xe8, 0x1f, 0xd5, 0xff, 0xff, 0x83, 0xc4, 0x18,
  0x89, 0x45, 0xd0, 0x83, 0x7d, 0xd0, 0x00, 0x79, 0x10, 0xff, 0x75, 0xd0,
  0xe8, 0x0b, 0xd8, 0xff, 0xff, 0x83, 0xc4, 0x04, 0xe9, 0x8d, 0x01, 0x00,
  0x00, 0x8b, 0x45, 0x9c, 0x83, 0xf8, 0x01, 0x75, 0x12, 0x68, 0x64, 0x4d,
  0x40, 0x00, 0xe8, 0x4b, 0xcc, 0xff, 0xff, 0x83, 0xc4, 0x04, 0xe9, 0x73,
  0x01, 0x00, 0x00, 0x8b, 0x45, 0x8c, 0x85, 0xc0, 0x74, 0x18, 0x83, 0x7d,
  0xd8, 0x00, 0x74, 0x12, 0x68, 0xe0, 0x4e, 0x40, 0x00, 0xe8, 0x2c, 0xcc,
  0xff, 0xff, 0x83, 0xc4, 0x04, 0xe9, 0x54, 0x01, 0x00, 0x00, 0x8b, 0x45,
  0x80, 0x85, 0xc0, 0x74, 0x18, 0x83, 0x7d, 0xd8, 0x00, 0x74, 0x12, 0x68,
  0x04, 0x4f, 0x40, 0x00, 0xe8, 0x0d, 0xcc, 0xff, 0xff, 0x83, 0xc4, 0x04,
  0xe9, 0x35, 0x01, 0x00, 0x00, 0x8d, 0x45, 0x80, 0x50, 0xff, 0x75, 0xec,
  0xe8, 0x6f, 0xd7, 0xff, 0xff, 0x83, 0xc4, 0x08, 0x83, 0xe8, 0x01, 0x89,
  0x45, 0xd4, 0xa1, 0x24, 0x61, 0x40, 0x00, 0x50, 0xe8, 0x45, 0xde, 0xff,
  0xff, 0x83, 0xc4, 0x04, 0x89, 0x45, 0xcc, 0x83, 0x7d, 0xcc, 0x00, 0x75,
  0x12, 0x68, 0x2b, 0x4f, 0x40, 0x00, 0xe8, 0xcf, 0xcb, 0xff, 0xff, 0x83,
  0xc4, 0x04, 0xe9, 0xf7, 0x00, 0x00, 0x00, 0x68, 0x24, 0x61, 0x40, 0x00,
  0xff, 0x75, 0xd4, 0xe8, 0x5d, 0xe1, 0xff, 0xff, 0x83, 0xc4, 0x08, 0x89,
  0x45, 0xd0, 0x83, 0x7d, 0xd0, 0xff, 0x75, 0x12, 0x68, 0x4e, 0x46, 0x40,
  0x00, 0xe8, 0xa4, 0xcb, 0xff, 0xff, 0x83, 0xc4, 0x04, 0xe9, 0xcc, 0x00,
  0x00, 0x00, 0x83, 0x7d, 0xd0, 0xfe, 0x75, 0x12, 0x68, 0x5d, 0x46, 0x40,
  0x00, 0xe8, 0x8c, 0xcb, 0xff, 0xff, 0x83, 0xc4, 0x04, 0xe9, 0xb4, 0x00,
  0x00, 0x00, 0x8b, 0x75, 0x88, 0x8b, 0x5d, 0x94, 0x8b, 0x4d, 0x98, 0x83,
  0x7d, 0xd8, 0x00, 0x0f, 0x95, 0xc0, 0x0f, 0xb6, 0xd0, 0x83, 0x7d, 0xd8,
  0x00, 0x0f, 0x94, 0xc0, 0x0f, 0xb6, 0xc0, 0x6a, 0x00, 0x6a, 0x00, 0x56,
  0x53, 0x51, 0x52, 0x50, 0x68, 0x24, 0x61, 0x40, 0x00, 0xff, 0x75, 0xd4,
  0xff, 0x75, 0xcc, 0xe8, 0x4d, 0xe1, 0xff, 0xff, 0x83, 0xc4, 0x28, 0xeb,
  0x79, 0xa1, 0x20, 0x61, 0x40, 0x00, 0x68, 0xf4, 0x42, 0x40, 0x00, 0x50,
  0xe8, 0xc9, 0xcd, 0xff, 0xff, 0x83, 0xc4, 0x08, 0x85, 0xc0, 0x74, 0x21,
  0x6a, 0x00, 0x6a, 0x00, 0x6a, 0x00, 0x6a, 0x00, 0x6a, 0x00, 0x6a, 0x00,
  0x6a, 0x01, 0x68, 0x14, 0x60, 0x40, 0x00, 0x6a, 0x01, 0x6a, 0x03, 0xe8,
  0x15, 0xe1, 0xff, 0xff, 0x83, 0xc4, 0x28, 0xeb, 0x41, 0xa1, 0x20, 0x61,
  0x40, 0x00, 0x68, 0x3c, 0x4f, 0x40, 0x00, 0x50, 0xe8, 0x91, 0xcd, 0xff,
  0xff, 0x83, 0xc4, 0x08, 0x85, 0xc0, 0x74, 0x17, 0x68, 0x41, 0x4f, 0x40,
  0x00, 0xe8, 0xf0, 0xca, 0xff, 0xff, 0x83, 0xc4, 0x04, 0x6a, 0x00, 0xe8,
  0xfa, 0xca, 0xff, 0xff, 0x83, 0xc4, 0x04, 0x68, 0x4d, 0x4f, 0x40, 0x00,
  0xe8, 0xd9, 0xca, 0xff, 0xff, 0x83, 0xc4, 0x04, 0xe9, 0xa9, 0xf5, 0xff,
  0xff, 0x90, 0xe9, 0xa3, 0xf5, 0xff, 0xff, 0x00, 0x00, 0x00, 0x00, 0x00,
  0x00, 0x00, 0x00, 0x00, 0x00, 0x00, 0x00, 0x00, 0x00, 0x00, 0x00, 0x00,
  0x00, 0x00, 0x00, 0x00, 0x00, 0x00, 0x00, 0x00, 0x00, 0x00, 0x00, 0x00,
  0x00, 0x00, 0x00, 0x00, 0x00, 0x00, 0x00, 0x00, 0x00, 0x00, 0x00, 0x00,
  0x00, 0x00, 0x00, 0x00, 0x00, 0x00, 0x00, 0x00, 0x00, 0x00, 0x00, 0x00,
  0x00, 0x00, 0x00, 0x00, 0x00, 0x00, 0x00, 0x00, 0x00, 0x00, 0x00, 0x00,
  0x00, 0x00, 0x00, 0x00, 0x00, 0x00, 0x00, 0x00, 0x00, 0x00, 0x00, 0x00,
  0x00, 0x00, 0x00, 0x00, 0x00, 0x00, 0x00, 0x00, 0x00, 0x00, 0x00, 0x00,
  0x00, 0x00, 0x00, 0x00, 0x00, 0x00, 0x00, 0x00, 0x00, 0x00, 0x00, 0x00,
  0x00, 0x00, 0x00, 0x00, 0x00, 0x00, 0x00, 0x00, 0x00, 0x00, 0x00, 0x00,
  0x00, 0x00, 0x00, 0x00, 0x00, 0x00, 0x00, 0x00, 0x00, 0x00, 0x00, 0x00,
  0x00, 0x00, 0x00, 0x00, 0x00, 0x00, 0x00, 0x00, 0x00, 0x00, 0x00, 0x00,
  0x00, 0x00, 0x00, 0x00, 0x00, 0x00, 0x00, 0x00, 0x00, 0x00, 0x00, 0x00,
  0x00, 0x00, 0x00, 0x00, 0x00, 0x00, 0x00, 0x00, 0x00, 0x00, 0x00, 0x00,
  0x00, 0x00, 0x00, 0x00, 0x00, 0x00, 0x00, 0x00, 0x00, 0x00, 0x00, 0x00,
  0x00, 0x00, 0x00, 0x00, 0x00, 0x00, 0x00, 0x00, 0x00, 0x00, 0x00, 0x00,
  0x00, 0x00, 0x00, 0x00, 0x00, 0x00, 0x00, 0x00, 0x00, 0x00, 0x00, 0x00,
  0x00, 0x00, 0x00, 0x00, 0x00, 0x00, 0x00, 0x00, 0x00, 0x00, 0x00, 0x00,
  0x00, 0x00, 0x00, 0x00, 0x00, 0x00, 0x00, 0x00, 0x00, 0x00, 0x00, 0x00,
  0x00, 0x00, 0x00, 0x00, 0x00, 0x00, 0x00, 0x00, 0x00, 0x00, 0x00, 0x00,
  0x00, 0x00, 0x00, 0x00, 0x00, 0x00, 0x00, 0x00, 0x00, 0x00, 0x00, 0x00,
  0x00, 0x00, 0x00, 0x00, 0x00, 0x00, 0x00, 0x00, 0x00, 0x00, 0x00, 0x00,
  0x00, 0x00, 0x00, 0x00, 0x00, 0x00, 0x00, 0x00, 0x00, 0x00, 0x00, 0x00,
  0x00, 0x00, 0x00, 0x00, 0x00, 0x00, 0x00, 0x00, 0x00, 0x00, 0x00, 0x00,
  0x00, 0x00, 0x00, 0x00, 0x00, 0x00, 0x00, 0x00, 0x00, 0x00, 0x00, 0x00,
  0x00, 0x00, 0x00, 0x00, 0x00, 0x00, 0x00, 0x00, 0x00, 0x00, 0x00, 0x00,
  0x00, 0x00, 0x00, 0x00, 0x00, 0x00, 0x00, 0x00, 0x00, 0x00, 0x00, 0x00,
  0x00, 0x00, 0x00, 0x00, 0x00, 0x00, 0x00, 0x00, 0x00, 0x00, 0x00, 0x00,
  0x00, 0x00, 0x00, 0x00, 0x00, 0x00, 0x00, 0x00, 0x00, 0x00, 0x00, 0x00,
  0x00, 0x00, 0x00, 0x00, 0x00, 0x00, 0x00, 0x00, 0x00, 0x00, 0x00, 0x00,
  0x00, 0x00, 0x00, 0x00, 0x00, 0x00, 0x00, 0x00, 0x00, 0x00, 0x00, 0x00,
  0x00, 0x00, 0x00, 0x00, 0x00, 0x00, 0x00, 0x00, 0x00, 0x00, 0x00, 0x00,
  0x00, 0x00, 0x00, 0x00, 0x00, 0x00, 0x00, 0x00, 0x00, 0x00, 0x00, 0x00,
  0x00, 0x00, 0x00, 0x00, 0x00, 0x00, 0x00, 0x00, 0x00, 0x00, 0x00, 0x00,
  0x00, 0x00, 0x00, 0x00, 0x00, 0x00, 0x00, 0x00, 0x00, 0x00, 0x00, 0x00,
  0x00, 0x00, 0x00, 0x00, 0x00, 0x00, 0x00, 0x00, 0x00, 0x00, 0x00, 0x00,
  0x00, 0x00, 0x00, 0x00, 0x00, 0x00, 0x00, 0x00, 0x00, 0x00, 0x00, 0x00,
  0x00, 0x00, 0x00, 0x00, 0x00, 0x00, 0x00, 0x00, 0x00, 0x00, 0x00, 0x00,
  0x00, 0x00, 0x00, 0x00, 0x00, 0x00, 0x00, 0x00, 0x00, 0x00, 0x00, 0x00,
  0x00, 0x00, 0x00, 0x00, 0x00, 0x00, 0x00, 0x00, 0x00, 0x00, 0x00, 0x00,
  0x00, 0x00, 0x00, 0x00, 0x00, 0x00, 0x00, 0x00, 0x00, 0x00, 0x00, 0x00,
  0x00, 0x00, 0x00, 0x00, 0x00, 0x00, 0x00, 0x00, 0x00, 0x00, 0x00, 0x00,
  0x00, 0x00, 0x00, 0x00, 0x00, 0x00, 0x00, 0x00, 0x00, 0x00, 0x00, 0x00,
  0x00, 0x00, 0x00, 0x00, 0x00, 0x00, 0x00, 0x00, 0x00, 0x00, 0x00, 0x00,
  0x00, 0x00, 0x00, 0x00, 0x00, 0x00, 0x00, 0x00, 0x00, 0x00, 0x00, 0x00,
  0x00, 0x00, 0x00, 0x00, 0x00, 0x00, 0x00, 0x00, 0x00, 0x00, 0x00, 0x00,
  0x00, 0x00, 0x00, 0x00, 0x00, 0x00, 0x00, 0x00, 0x00, 0x00, 0x00, 0x00,
  0x00, 0x00, 0x00, 0x00, 0x00, 0x00, 0x00, 0x00, 0x00, 0x00, 0x00, 0x00,
  0x00, 0x00, 0x00, 0x00, 0x00, 0x00, 0x00, 0x00, 0x00, 0x00, 0x00, 0x00,
  0x00, 0x00, 0x00, 0x00, 0x00, 0x00, 0x00, 0x00, 0x00, 0x00, 0x00, 0x00,
  0x00, 0x00, 0x00, 0x00, 0x00, 0x00, 0x00, 0x00, 0x00, 0x00, 0x00, 0x00,
  0x00, 0x00, 0x00, 0x00, 0x00, 0x00, 0x00, 0x00, 0x00, 0x00, 0x00, 0x00,
  0x00, 0x00, 0x00, 0x00, 0x00, 0x00, 0x00, 0x00, 0x00, 0x00, 0x00, 0x00,
  0x00, 0x00, 0x00, 0x00, 0x00, 0x00, 0x00, 0x00, 0x00, 0x00, 0x00, 0x00,
  0x00, 0x00, 0x00, 0x00, 0x00, 0x00, 0x00, 0x00, 0x00, 0x00, 0x00, 0x00,
  0x00, 0x00, 0x00, 0x00, 0x00, 0x00, 0x00, 0x00, 0x00, 0x00, 0x00, 0x00,
  0x00, 0x00, 0x00, 0x00, 0x00, 0x00, 0x00, 0x00, 0x00, 0x00, 0x00, 0x00,
  0x00, 0x00, 0x00, 0x00, 0x00, 0x00, 0x00, 0x00, 0x00, 0x00, 0x00, 0x00,
  0x00, 0x00, 0x00, 0x00, 0x00, 0x00, 0x00, 0x00, 0x00, 0x00, 0x00, 0x00,
  0x00, 0x00, 0x00, 0x00, 0x00, 0x00, 0x00, 0x00, 0x00, 0x00, 0x00, 0x00,
  0x00, 0x00, 0x00, 0x00, 0x00, 0x00, 0x00, 0x00, 0x00, 0x00, 0x00, 0x00,
  0x00, 0x00, 0x00, 0x00, 0x00, 0x00, 0x00, 0x00, 0x00, 0x00, 0x00, 0x00,
  0x00, 0x00, 0x00, 0x00, 0x00, 0x00, 0x00, 0x00, 0x00, 0x00, 0x00, 0x00,
  0x00, 0x00, 0x00, 0x00, 0x00, 0x00, 0x00, 0x00, 0x00, 0x00, 0x00, 0x00,
  0x00, 0x00, 0x00, 0x00, 0x00, 0x00, 0x00, 0x00, 0x00, 0x00, 0x00, 0x00,
  0x00, 0x00, 0x00, 0x00, 0x00, 0x00, 0x00, 0x00, 0x00, 0x00, 0x00, 0x00,
  0x00, 0x00, 0x00, 0x00, 0x00, 0x00, 0x00, 0x00, 0x00, 0x00, 0x00, 0x00,
  0x00, 0x00, 0x00, 0x00, 0x00, 0x00, 0x00, 0x00, 0x00, 0x00, 0x00, 0x00,
  0x00, 0x00, 0x00, 0x00, 0x00, 0x00, 0x00, 0x00, 0x00, 0x00, 0x00, 0x00,
  0x00, 0x00, 0x00, 0x00, 0x00, 0x00, 0x00, 0x00, 0x00, 0x00, 0x00, 0x00,
  0x00, 0x00, 0x00, 0x00, 0x00, 0x00, 0x00, 0x00, 0x00, 0x00, 0x00, 0x00,
  0x00, 0x00, 0x00, 0x00, 0x00, 0x00, 0x00, 0x00, 0x00, 0x00, 0x00, 0x00,
  0x00, 0x00, 0x00, 0x00, 0x00, 0x00, 0x00, 0x00, 0x00, 0x00, 0x00, 0x00,
  0x00, 0x00, 0x00, 0x00, 0x00, 0x00, 0x00, 0x00, 0x00, 0x00, 0x00, 0x00,
  0x00, 0x00, 0x00, 0x00, 0x00, 0x00, 0x00, 0x00, 0x00, 0x00, 0x00, 0x00,
  0x00, 0x00, 0x00, 0x00, 0x00, 0x00, 0x00, 0x00, 0x00, 0x00, 0x00, 0x00,
  0x00, 0x00, 0x00, 0x00, 0x00, 0x00, 0x00, 0x00, 0x00, 0x00, 0x00, 0x00,
  0x00, 0x00, 0x00, 0x00, 0x00, 0x00, 0x00, 0x00, 0x00, 0x00, 0x00, 0x00,
  0x00, 0x00, 0x00, 0x00, 0x00, 0x00, 0x00, 0x00, 0x00, 0x00, 0x00, 0x00,
  0x00, 0x00, 0x00, 0x00, 0x00, 0x00, 0x00, 0x00, 0x00, 0x00, 0x00, 0x00,
  0x00, 0x00, 0x00, 0x00, 0x00, 0x00, 0x00, 0x00, 0x00, 0x00, 0x00, 0x00,
  0x00, 0x00, 0x00, 0x00, 0x00, 0x00, 0x00, 0x00, 0x00, 0x00, 0x00, 0x00,
  0x00, 0x00, 0x00, 0x00, 0x00, 0x00, 0x00, 0x00, 0x00, 0x00, 0x00, 0x00,
  0x00, 0x00, 0x00, 0x00, 0x00, 0x00, 0x00, 0x00, 0x00, 0x00, 0x00, 0x00,
  0x00, 0x00, 0x00, 0x00, 0x00, 0x00, 0x00, 0x00, 0x00, 0x00, 0x00, 0x00,
  0x00, 0x00, 0x00, 0x00, 0x00, 0x00, 0x00, 0x00, 0x00, 0x00, 0x00, 0x00,
  0x00, 0x00, 0x00, 0x00, 0x00, 0x00, 0x00, 0x00, 0x00, 0x00, 0x00, 0x00,
  0x00, 0x00, 0x00, 0x00, 0x00, 0x00, 0x00, 0x00, 0x00, 0x00, 0x00, 0x00,
  0x00, 0x00, 0x00, 0x00, 0x00, 0x00, 0x00, 0x00, 0x00, 0x00, 0x00, 0x00,
  0x00, 0x00, 0x00, 0x00, 0x00, 0x00, 0x00, 0x00, 0x00, 0x00, 0x00, 0x00,
  0x00, 0x00, 0x00, 0x00, 0x00, 0x00, 0x00, 0x00, 0x00, 0x00, 0x00, 0x00,
  0x00, 0x00, 0x00, 0x00, 0x00, 0x00, 0x00, 0x00, 0x00, 0x00, 0x00, 0x00,
  0x00, 0x00, 0x00, 0x00, 0x00, 0x00, 0x00, 0x00, 0x00, 0x00, 0x00, 0x00,
  0x00, 0x00, 0x00, 0x00, 0x00, 0x00, 0x00, 0x00, 0x00, 0x00, 0x00, 0x00,
  0x00, 0x00, 0x00, 0x00, 0x00, 0x00, 0x00, 0x00, 0x00, 0x00, 0x00, 0x00,
  0x00, 0x00, 0x00, 0x00, 0x00, 0x00, 0x00, 0x00, 0x00, 0x00, 0x00, 0x00,
  0x00, 0x00, 0x00, 0x00, 0x00, 0x00, 0x00, 0x00, 0x00, 0x00, 0x00, 0x00,
  0x00, 0x00, 0x00, 0x00, 0x00, 0x00, 0x00, 0x00, 0x00, 0x00, 0x00, 0x00,
  0x00, 0x00, 0x00, 0x00, 0x00, 0x00, 0x00, 0x00, 0x00, 0x00, 0x00, 0x00,
  0x00, 0x00, 0x00, 0x00, 0x00, 0x00, 0x00, 0x00, 0x00, 0x00, 0x00, 0x00,
  0x00, 0x00, 0x00, 0x00, 0x00, 0x00, 0x00, 0x00, 0x00, 0x00, 0x00, 0x00,
  0x00, 0x00, 0x00, 0x00, 0x00, 0x00, 0x00, 0x00, 0x00, 0x00, 0x00, 0x00,
  0x00, 0x00, 0x00, 0x00, 0x00, 0x00, 0x00, 0x00, 0x00, 0x00, 0x00, 0x00,
  0x00, 0x00, 0x00, 0x00, 0x00, 0x00, 0x00, 0x00, 0x00, 0x00, 0x00, 0x00,
  0x00, 0x00, 0x00, 0x00, 0x00, 0x00, 0x00, 0x00, 0x00, 0x00, 0x00, 0x00,
  0x00, 0x00, 0x00, 0x00, 0x00, 0x00, 0x00, 0x00, 0x00, 0x00, 0x00, 0x00,
  0x00, 0x00, 0x00, 0x00, 0x00, 0x00, 0x00, 0x00, 0x00, 0x00, 0x00, 0x00,
  0x00, 0x00, 0x00, 0x00, 0x00, 0x00, 0x00, 0x00, 0x00, 0x00, 0x00, 0x00,
  0x00, 0x00, 0x00, 0x00, 0x00, 0x00, 0x00, 0x00, 0x00, 0x00, 0x00, 0x00,
  0x00, 0x00, 0x00, 0x00, 0x00, 0x00, 0x00, 0x00, 0x00, 0x00, 0x00, 0x00,
  0x00, 0x00, 0x00, 0x00, 0x00, 0x00, 0x00, 0x00, 0x00, 0x00, 0x00, 0x00,
  0x00, 0x00, 0x00, 0x00, 0x00, 0x00, 0x00, 0x00, 0x00, 0x00, 0x00, 0x00,
  0x00, 0x00, 0x00, 0x00, 0x00, 0x00, 0x00, 0x00, 0x00, 0x00, 0x00, 0x00,
  0x00, 0x00, 0x00, 0x00, 0x00, 0x00, 0x00, 0x00, 0x00, 0x00, 0x00, 0x00,
  0x00, 0x00, 0x00, 0x00, 0x00, 0x00, 0x00, 0x00, 0x00, 0x00, 0x00, 0x00,
  0x00, 0x00, 0x00, 0x00, 0x00, 0x00, 0x00, 0x00, 0x00, 0x00, 0x00, 0x00,
  0x00, 0x00, 0x00, 0x00, 0x00, 0x00, 0x00, 0x00, 0x00, 0x00, 0x00, 0x00,
  0x00, 0x00, 0x00, 0x00, 0x00, 0x00, 0x00, 0x00, 0x00, 0x00, 0x00, 0x00,
  0x00, 0x00, 0x00, 0x00, 0x00, 0x00, 0x00, 0x00, 0x00, 0x00, 0x00, 0x00,
  0x00, 0x00, 0x00, 0x00, 0x00, 0x00, 0x00, 0x00, 0x00, 0x00, 0x00, 0x00,
  0x00, 0x00, 0x00, 0x00, 0x00, 0x00, 0x00, 0x00, 0x00, 0x00, 0x00, 0x00,
  0x00, 0x00, 0x00, 0x00, 0x00, 0x00, 0x00, 0x00, 0x00, 0x00, 0x00, 0x00,
  0x00, 0x00, 0x00, 0x00, 0x00, 0x00, 0x00, 0x00, 0x00, 0x00, 0x00, 0x00,
  0x00, 0x00, 0x00, 0x00, 0x00, 0x00, 0x00, 0x00, 0x00, 0x00, 0x00, 0x00,
  0x00, 0x00, 0x00, 0x00, 0x00, 0x00, 0x00, 0x00, 0x00, 0x00, 0x00, 0x00,
  0x00, 0x00, 0x00, 0x00, 0x00, 0x00, 0x00, 0x00, 0x00, 0x00, 0x00, 0x00,
  0x00, 0x00, 0x00, 0x00, 0x00, 0x00, 0x00, 0x00, 0x00, 0x00, 0x00, 0x00,
  0x00, 0x00, 0x00, 0x00, 0x00, 0x00, 0x00, 0x00, 0x00, 0x00, 0x00, 0x00,
  0x00, 0x00, 0x00, 0x00, 0x00, 0x00, 0x00, 0x00, 0x00, 0x00, 0x00, 0x00,
  0x00, 0x00, 0x00, 0x00, 0x00, 0x00, 0x00, 0x00, 0x00, 0x00, 0x00, 0x00,
  0x00, 0x00, 0x00, 0x00, 0x00, 0x00, 0x00, 0x00, 0x00, 0x00, 0x00, 0x00,
  0x00, 0x00, 0x00, 0x00, 0x00, 0x00, 0x00, 0x00, 0x00, 0x00, 0x00, 0x00,
  0x00, 0x00, 0x00, 0x00, 0x00, 0x00, 0x00, 0x00, 0x00, 0x00, 0x00, 0x00,
  0x00, 0x00, 0x00, 0x00, 0x00, 0x00, 0x00, 0x00, 0x00, 0x00, 0x00, 0x00,
  0x00, 0x00, 0x00, 0x00, 0x00, 0x00, 0x00, 0x00, 0x00, 0x00, 0x00, 0x00,
  0x00, 0x00, 0x00, 0x00, 0x00, 0x00, 0x00, 0x00, 0x00, 0x00, 0x00, 0x00,
  0x00, 0x00, 0x00, 0x00, 0x00, 0x00, 0x00, 0x00, 0x00, 0x00, 0x00, 0x00,
  0x00, 0x00, 0x00, 0x00, 0x00, 0x00, 0x00, 0x00, 0x00, 0x00, 0x00, 0x00,
  0x00, 0x00, 0x00, 0x00, 0x00, 0x00, 0x00, 0x00, 0x00, 0x00, 0x00, 0x00,
  0x00, 0x00, 0x00, 0x00, 0x00, 0x00, 0x00, 0x00, 0x00, 0x00, 0x00, 0x00,
  0x00, 0x00, 0x00, 0x00, 0x00, 0x00, 0x00, 0x00, 0x00, 0x00, 0x00, 0x00,
  0x00, 0x00, 0x00, 0x00, 0x00, 0x00, 0x00, 0x00, 0x00, 0x00, 0x00, 0x00,
  0x00, 0x00, 0x00, 0x00, 0x00, 0x00, 0x00, 0x00, 0x00, 0x00, 0x00, 0x00,
  0x00, 0x00, 0x00, 0x00, 0x00, 0x00, 0x00, 0x00, 0x00, 0x00, 0x00, 0x00,
  0x00, 0x00, 0x00, 0x00, 0x00, 0x00, 0x00, 0x00, 0x00, 0x00, 0x00, 0x00,
  0x00, 0x00, 0x00, 0x00, 0x00, 0x00, 0x00, 0x00, 0x00, 0x00, 0x00, 0x00,
  0x00, 0x00, 0x00, 0x00, 0x00, 0x00, 0x00, 0x00, 0x00, 0x00, 0x00, 0x00,
  0x00, 0x00, 0x00, 0x00, 0x00, 0x00, 0x00, 0x00, 0x00, 0x00, 0x00, 0x00,
  0x00, 0x00, 0x00, 0x00, 0x00, 0x00, 0x00, 0x00, 0x00, 0x00, 0x00, 0x00,
  0x00, 0x00, 0x00, 0x00, 0x00, 0x00, 0x00, 0x00, 0x00, 0x00, 0x00, 0x00,
  0x00, 0x00, 0x00, 0x00, 0x00, 0x00, 0x00, 0x00, 0x00, 0x00, 0x00, 0x00,
  0x00, 0x00, 0x00, 0x00, 0x00, 0x00, 0x00, 0x00, 0x00, 0x00, 0x00, 0x00,
  0x00, 0x00, 0x00, 0x00, 0x00, 0x00, 0x00, 0x00, 0x00, 0x00, 0x00, 0x00,
  0x00, 0x00, 0x00, 0x00, 0x00, 0x00, 0x00, 0x00, 0x00, 0x00, 0x00, 0x00,
  0x00, 0x00, 0x00, 0x00, 0x00, 0x00, 0x00, 0x00, 0x00, 0x00, 0x00, 0x00,
  0x00, 0x00, 0x00, 0x00, 0x00, 0x00, 0x00, 0x00, 0x00, 0x00, 0x00, 0x00,
  0x00, 0x00, 0x00, 0x00, 0x00, 0x00, 0x00, 0x00, 0x00, 0x00, 0x00, 0x00,
  0x00, 0x00, 0x00, 0x00, 0x00, 0x00, 0x00, 0x00, 0x00, 0x00, 0x00, 0x00,
  0x00, 0x00, 0x00, 0x00, 0x00, 0x00, 0x00, 0x00, 0x00, 0x00, 0x00, 0x00,
  0x00, 0x00, 0x00, 0x00, 0x00, 0x00, 0x00, 0x00, 0x00, 0x00, 0x00, 0x00,
  0x00, 0x00, 0x00, 0x00, 0x00, 0x00, 0x00, 0x00, 0x00, 0x00, 0x00, 0x00,
  0x00, 0x00, 0x00, 0x00, 0x00, 0x00, 0x00, 0x00, 0x00, 0x00, 0x00, 0x00,
  0x00, 0x00, 0x00, 0x00, 0x00, 0x00, 0x00, 0x00, 0x00, 0x00, 0x00, 0x00,
  0x00, 0x00, 0x00, 0x00, 0x00, 0x00, 0x00, 0x00, 0x00, 0x00, 0x00, 0x00,
  0x00, 0x00, 0x00, 0x00, 0x00, 0x00, 0x00, 0x00, 0x00, 0x00, 0x00, 0x00,
  0x00, 0x00, 0x00, 0x00, 0x00, 0x00, 0x00, 0x00, 0x00, 0x00, 0x00, 0x00,
  0x00, 0x00, 0x00, 0x00, 0x00, 0x00, 0x00, 0x00, 0x00, 0x00, 0x00, 0x00,
  0x00, 0x00, 0x00, 0x00, 0x00, 0x00, 0x00, 0x00, 0x00, 0x00, 0x00, 0x00,
  0x00, 0x00, 0x00, 0x00, 0x00, 0x00, 0x00, 0x00, 0x00, 0x00, 0x00, 0x00,
  0x00, 0x00, 0x00, 0x00, 0x00, 0x00, 0x00, 0x00, 0x00, 0x00, 0x00, 0x00,
  0x00, 0x00, 0x00, 0x00, 0x00, 0x00, 0x00, 0x00, 0x00, 0x00, 0x00, 0x00,
  0x00, 0x00, 0x00, 0x00, 0x00, 0x00, 0x00, 0x00, 0x00, 0x00, 0x00, 0x00,
  0x00, 0x00, 0x00, 0x00, 0x00, 0x00, 0x00, 0x00, 0x00, 0x00, 0x00, 0x00,
  0x00, 0x00, 0x00, 0x00, 0x00, 0x00, 0x00, 0x00, 0x00, 0x00, 0x00, 0x00,
  0x00, 0x00, 0x00, 0x00, 0x00, 0x00, 0x00, 0x00, 0x00, 0x00, 0x00, 0x00,
  0x00, 0x00, 0x00, 0x00, 0x00, 0x00, 0x00, 0x00, 0x00, 0x00, 0x00, 0x00,
  0x00, 0x00, 0x00, 0x00, 0x00, 0x00, 0x00, 0x00, 0x00, 0x00, 0x00, 0x00,
  0x00, 0x00, 0x00, 0x00, 0x00, 0x00, 0x00, 0x00, 0x00, 0x00, 0x00, 0x00,
  0x00, 0x00, 0x00, 0x00, 0x00, 0x00, 0x00, 0x00, 0x00, 0x00, 0x00, 0x00,
  0x00, 0x00, 0x00, 0x00, 0x00, 0x00, 0x00, 0x00, 0x00, 0x00, 0x00, 0x00,
  0x00, 0x00, 0x00, 0x00, 0x00, 0x00, 0x00, 0x00, 0x00, 0x00, 0x00, 0x00,
  0x00, 0x00, 0x00, 0x00, 0x00, 0x00, 0x00, 0x00, 0x00, 0x00, 0x00, 0x00,
  0x00, 0x00, 0x00, 0x00, 0x00, 0x00, 0x00, 0x00, 0x00, 0x00, 0x00, 0x00,
  0x00, 0x00, 0x00, 0x00, 0x00, 0x00, 0x00, 0x00, 0x00, 0x00, 0x00, 0x00,
  0x00, 0x00, 0x00, 0x00, 0x00, 0x00, 0x00, 0x00, 0x00, 0x00, 0x00, 0x00,
  0x00, 0x00, 0x00, 0x00, 0x00, 0x00, 0x00, 0x00, 0x00, 0x00, 0x00, 0x00,
  0x00, 0x00, 0x00, 0x00, 0x00, 0x00, 0x00, 0x00, 0x00, 0x00, 0x00, 0x00,
  0x00, 0x00, 0x00, 0x00, 0x00, 0x00, 0x00, 0x00, 0x00, 0x00, 0x00, 0x00,
  0x00, 0x00, 0x00, 0x00, 0x00, 0x00, 0x00, 0x00, 0x00, 0x00, 0x00, 0x00,
  0x00, 0x00, 0x00, 0x00, 0x00, 0x00, 0x00, 0x00, 0x00, 0x00, 0x00, 0x00,
  0x00, 0x00, 0x00, 0x00, 0x00, 0x00, 0x00, 0x00, 0x00, 0x00, 0x00, 0x00,
  0x00, 0x00, 0x00, 0x00, 0x00, 0x00, 0x00, 0x00, 0x00, 0x00, 0x00, 0x00,
  0x00, 0x00, 0x00, 0x00, 0x00, 0x00, 0x00, 0x00, 0x00, 0x00, 0x00, 0x00,
  0x00, 0x00, 0x00, 0x00, 0x00, 0x00, 0x00, 0x00, 0x00, 0x00, 0x00, 0x00,
  0x00, 0x00, 0x00, 0x00, 0x00, 0x00, 0x00, 0x00, 0x00, 0x00, 0x00, 0x00,
  0x00, 0x00, 0x00, 0x00, 0x00, 0x00, 0x00, 0x00, 0x00, 0x00, 0x00, 0x00,
  0x00, 0x00, 0x00, 0x00, 0x00, 0x00, 0x00, 0x00, 0x00, 0x00, 0x00, 0x00,
  0x00, 0x00, 0x00, 0x00, 0x00, 0x00, 0x00, 0x00, 0x00, 0x00, 0x00, 0x00,
  0x00, 0x00, 0x00, 0x00, 0x00, 0x00, 0x00, 0x00, 0x00, 0x00, 0x00, 0x00,
  0x00, 0x00, 0x00, 0x00, 0x00, 0x00, 0x00, 0x00, 0x00, 0x00, 0x00, 0x00,
  0x00, 0x00, 0x00, 0x00, 0x00, 0x00, 0x00, 0x00, 0x00, 0x00, 0x00, 0x00,
  0x00, 0x00, 0x00, 0x00, 0x00, 0x00, 0x00, 0x00, 0x00, 0x00, 0x00, 0x00,
  0x00, 0x00, 0x00, 0x00, 0x00, 0x00, 0x00, 0x00, 0x00, 0x00, 0x00, 0x00,
  0x00, 0x00, 0x00, 0x00, 0x00, 0x00, 0x00, 0x00, 0x00, 0x00, 0x00, 0x00,
  0x00, 0x00, 0x00, 0x00, 0x00, 0x00, 0x00, 0x00, 0x00, 0x00, 0x00, 0x00,
  0x00, 0x00, 0x00, 0x00, 0x00, 0x00, 0x00, 0x00, 0x00, 0x00, 0x00, 0x00,
  0x00, 0x00, 0x00, 0x00, 0x00, 0x00, 0x00, 0x00, 0x00, 0x00, 0x00, 0x00,
  0x00, 0x00, 0x00, 0x00, 0x00, 0x00, 0x00, 0x00, 0x00, 0x00, 0x00, 0x00,
  0x00, 0x00, 0x00, 0x00, 0x00, 0x00, 0x00, 0x00, 0x00, 0x00, 0x00, 0x00,
  0x00, 0x00, 0x00, 0x00, 0x00, 0x00, 0x00, 0x00, 0x00, 0x00, 0x00, 0x00,
  0x00, 0x00, 0x00, 0x00, 0x00, 0x00, 0x00, 0x00, 0x00, 0x00, 0x00, 0x00,
  0x00, 0x00, 0x00, 0x00, 0x00, 0x00, 0x00, 0x00, 0x00, 0x00, 0x00, 0x00,
  0x00, 0x00, 0x00, 0x00, 0x00, 0x00, 0x00, 0x00, 0x00, 0x00, 0x00, 0x00,
  0x00, 0x00, 0x00, 0x00, 0x00, 0x00, 0x00, 0x00, 0x00, 0x00, 0x00, 0x00,
  0x00, 0x00, 0x00, 0x00, 0x00, 0x00, 0x00, 0x00, 0x00, 0x00, 0x00, 0x00,
  0x00, 0x00, 0x00, 0x00, 0x00, 0x00, 0x00, 0x00, 0x00, 0x00, 0x00, 0x00,
  0x00, 0x00, 0x00, 0x00, 0x00, 0x00, 0x00, 0x00, 0x00, 0x00, 0x00, 0x00,
  0x00, 0x00, 0x00, 0x00, 0x00, 0x00, 0x00, 0x00, 0x00, 0x00, 0x00, 0x00,
  0x00, 0x00, 0x00, 0x00, 0x00, 0x00, 0x00, 0x00, 0x00, 0x00, 0x00, 0x00,
  0x00, 0x00, 0x00, 0x00, 0x00, 0x00, 0x00, 0x00, 0x00, 0x00, 0x00, 0x00,
  0x00, 0x00, 0x00, 0x00, 0x00, 0x00, 0x00, 0x00, 0x00, 0x00, 0x00, 0x00,
  0x00, 0x00, 0x00, 0x00, 0x00, 0x00, 0x00, 0x00, 0x2f, 0x72, 0x65, 0x61,
  0x64, 0x6d, 0x65, 0x2e, 0x74, 0x78, 0x74, 0x00, 0x4d, 0x69, 0x6e, 0x69,
  0x4f, 0x53, 0x20, 0x50, 0x68, 0x61, 0x73, 0x65, 0x32, 0x20, 0x62, 0x75,
  0x69, 0x6c, 0x74, 0x69, 0x6e, 0x20, 0x72, 0x65, 0x61, 0x64, 0x2d, 0x6f,
  0x6e, 0x6c, 0x79, 0x20, 0x66, 0x69, 0x6c, 0x65, 0x73, 0x0a, 0x54, 0x68,
  0x69, 0x73, 0x20, 0x69, 0x73, 0x20, 0x61, 0x20, 0x74, 0x65, 0x61, 0x63,
  0x68, 0x69, 0x6e, 0x67, 0x20, 0x6b, 0x65, 0x72, 0x6e, 0x65, 0x6c, 0x2c,
  0x20, 0x6e, 0x6f, 0x74, 0x20, 0x61, 0x20, 0x64, 0x69, 0x73, 0x6b, 0x20,
  0x66, 0x73, 0x2e, 0x0a, 0x00, 0x2f, 0x70, 0x72, 0x6f, 0x67, 0x72, 0x61,
  0x6d, 0x73, 0x00, 0x00, 0x68, 0x65, 0x6c, 0x6c, 0x6f, 0x0a, 0x65, 0x63,
  0x68, 0x6f, 0x0a, 0x6c, 0x73, 0x0a, 0x63, 0x61, 0x74, 0x0a, 0x73, 0x74,
  0x61, 0x74, 0x0a, 0x77, 0x72, 0x69, 0x74, 0x65, 0x66, 0x69, 0x6c, 0x65,
  0x0a, 0x61, 0x70, 0x70, 0x65, 0x6e, 0x64, 0x0a, 0x77, 0x63, 0x0a, 0x67,
  0x72, 0x65, 0x70, 0x0a, 0x68, 0x65, 0x61, 0x64, 0x0a, 0x74, 0x61, 0x69,
  0x6c, 0x0a, 0x73, 0x6f, 0x72, 0x74, 0x0a, 0x70, 0x69, 0x70, 0x65, 0x5f,
  0x74, 0x65, 0x73, 0x74, 0x0a, 0x64, 0x75, 0x70, 0x32, 0x5f, 0x74, 0x65,
  0x73, 0x74, 0x0a, 0x66, 0x6f, 0x72, 0x6b, 0x5f, 0x66, 0x64, 0x5f, 0x74,
  0x65, 0x73, 0x74, 0x0a, 0x70, 0x69, 0x70, 0x65, 0x5f, 0x66, 0x6f, 0x72,
  0x6b, 0x5f, 0x64, 0x75, 0x70, 0x32, 0x5f, 0x74, 0x65, 0x73, 0x74, 0x0a,
  0x70, 0x69, 0x70, 0x65, 0x5f, 0x63, 0x6c, 0x6f, 0x73, 0x65, 0x5f, 0x74,
  0x65, 0x73, 0x74, 0x0a, 0x65, 0x78, 0x65, 0x63, 0x5f, 0x66, 0x64, 0x5f,
  0x74, 0x65, 0x73, 0x74, 0x0a, 0x70, 0x69, 0x70, 0x65, 0x6c, 0x69, 0x6e,
  0x65, 0x5f, 0x64, 0x65, 0x6d, 0x6f, 0x0a, 0x65, 0x78, 0x65, 0x63, 0x5f,
  0x61, 0x72, 0x67, 0x73, 0x5f, 0x74, 0x65, 0x73, 0x74, 0x0a, 0x70, 0x69,
  0x70, 0x65, 0x6c, 0x69, 0x6e, 0x65, 0x5f, 0x61, 0x72, 0x67, 0x73, 0x5f,
  0x64, 0x65, 0x6d, 0x6f, 0x0a, 0x6d, 0x69, 0x6e, 0x69, 0x5f, 0x70, 0x69,
  0x70, 0x65, 0x6c, 0x69, 0x6e, 0x65, 0x0a, 0x70, 0x69, 0x70, 0x65, 0x5f,
  0x6d, 0x75, 0x6c, 0x74, 0x69, 0x5f, 0x74, 0x65, 0x73, 0x74, 0x0a, 0x6c,
  0x6f, 0x6f, 0x70, 0x0a, 0x6c, 0x6f, 0x6f, 0x70, 0x5f, 0x65, 0x78, 0x69,
  0x74, 0x0a, 0x73, 0x6c, 0x65, 0x65, 0x70, 0x5f, 0x74, 0x65, 0x73, 0x74,
  0x0a, 0x00, 0x2f, 0x68, 0x65, 0x6c, 0x70, 0x2e, 0x74, 0x78, 0x74, 0x00,
  0x68, 0x65, 0x6c, 0x70, 0x0a, 0x70, 0x73, 0x0a, 0x6a, 0x6f, 0x62, 0x73,
  0x0a, 0x75, 0x70, 0x74, 0x69, 0x6d, 0x65, 0x0a, 0x72, 0x75, 0x6e, 0x0a,
  0x73, 0x74, 0x61, 0x72, 0x74, 0x0a, 0x77, 0x61, 0x69, 0x74, 0x0a, 0x6b,
  0x69, 0x6c, 0x6c, 0x0a, 0x6c, 0x73, 0x0a, 0x63, 0x61, 0x74, 0x0a, 0x74,
  0x6f, 0x75, 0x63, 0x68, 0x0a, 0x77, 0x72, 0x69, 0x74, 0x65, 0x66, 0x69,
  0x6c, 0x65, 0x0a, 0x61, 0x70, 0x70, 0x65, 0x6e, 0x64, 0x0a, 0x72, 0x6d,
  0x0a, 0x00, 0x00, 0x00, 0x00, 0x00, 0x00, 0x00, 0x00, 0x00, 0x00, 0x00,
  0x00, 0x40, 0x40, 0x00, 0x0c, 0x40, 0x40, 0x00, 0x50, 0x00, 0x00, 0x00,
  0x5d, 0x40, 0x40, 0x00, 0x68, 0x40, 0x40, 0x00, 0xf9, 0x00, 0x00, 0x00,
  0x62, 0x41, 0x40, 0x00, 0x6c, 0x41, 0x40, 0x00, 0x49, 0x00, 0x00, 0x00,
  0x3e, 0x00, 0x3e, 0x3e, 0x00, 0x3c, 0x00, 0x7c, 0x00, 0x52, 0x45, 0x41,
  0x44, 0x59, 0x00, 0x52, 0x55, 0x4e, 0x4e, 0x49, 0x4e, 0x47, 0x00, 0x5a,
  0x4f, 0x4d, 0x42, 0x49, 0x45, 0x00, 0x42, 0x4c, 0x4f, 0x43, 0x4b, 0x45,
  0x44, 0x00, 0x53, 0x4c, 0x45, 0x45, 0x50, 0x49, 0x4e, 0x47, 0x00, 0x55,
  0x4e, 0x4b, 0x4e, 0x4f, 0x57, 0x4e, 0x00, 0x72, 0x65, 0x64, 0x69, 0x72,
  0x65, 0x63, 0x74, 0x3a, 0x20, 0x6d, 0x69, 0x73, 0x73, 0x69, 0x6e, 0x67,
  0x20, 0x69, 0x6e, 0x70, 0x75, 0x74, 0x20, 0x66, 0x69, 0x6c, 0x65, 0x0a,
  0x00, 0x00, 0x00, 0x00, 0x72, 0x65, 0x64, 0x69, 0x72, 0x65, 0x63, 0x74,
  0x3a, 0x20, 0x6d, 0x69, 0x73, 0x73, 0x69, 0x6e, 0x67, 0x20, 0x74, 0x61,
  0x72, 0x67, 0x65, 0x74, 0x20, 0x66, 0x69, 0x6c, 0x65, 0x0a, 0x00, 0x72,
  0x65, 0x64, 0x69, 0x72, 0x65, 0x63, 0x74, 0x3a, 0x20, 0x69, 0x6e, 0x76,
  0x61, 0x6c, 0x69, 0x64, 0x20, 0x73, 0x79, 0x6e, 0x74, 0x61, 0x78, 0x0a,
  0x00, 0x00, 0x00, 0x00, 0x72, 0x65, 0x64, 0x69, 0x72, 0x65, 0x63, 0x74,
  0x3a, 0x20, 0x6f, 0x6e, 0x6c, 0x79, 0x20, 0x6f, 0x6e, 0x65, 0x20, 0x74,
  0x61, 0x72, 0x67, 0x65, 0x74, 0x20, 0x66, 0x69, 0x6c, 0x65, 0x20, 0x73,
  0x75, 0x70, 0x70, 0x6f, 0x72, 0x74, 0x65, 0x64, 0x0a, 0x00, 0x72, 0x65,
  0x64, 0x69, 0x72, 0x65, 0x63, 0x74, 0x3a, 0x20, 0x74, 0x65, 0x78, 0x74,
  0x20, 0x74, 0x6f, 0x6f, 0x20, 0x6c, 0x6f, 0x6e, 0x67, 0x0a, 0x00, 0x72,
  0x65, 0x64, 0x69, 0x72, 0x65, 0x63, 0x74, 0x20, 0x61, 0x70, 0x70, 0x65,
  0x6e, 0x64, 0x20, 0x66, 0x61, 0x69, 0x6c, 0x65, 0x64, 0x0a, 0x00, 0x72,
  0x65, 0x64, 0x69, 0x72, 0x65, 0x63, 0x74, 0x20, 0x77, 0x72, 0x69, 0x74,
  0x65, 0x20, 0x66, 0x61, 0x69, 0x6c, 0x65, 0x64, 0x0a, 0x00, 0x30, 0x00,
  0x2d, 0x00, 0x0a, 0x00, 0x08, 0x20, 0x08, 0x00, 0x68, 0x65, 0x6c, 0x6c,
  0x6f, 0x00, 0x65, 0x63, 0x68, 0x6f, 0x00, 0x6c, 0x6f, 0x6f, 0x70, 0x00,
  0x73, 0x6c, 0x65, 0x65, 0x70, 0x5f, 0x74, 0x65, 0x73, 0x74, 0x00, 0x6c,
  0x6f, 0x6f, 0x70, 0x5f, 0x65, 0x78, 0x69, 0x74, 0x00, 0x63, 0x61, 0x74,
  0x00, 0x6c, 0x73, 0x00, 0x73, 0x74, 0x61, 0x74, 0x00, 0x77, 0x72, 0x69,
  0x74, 0x65, 0x66, 0x69, 0x6c, 0x65, 0x00, 0x61, 0x70, 0x70, 0x65, 0x6e,
  0x64, 0x00, 0x77, 0x63, 0x00, 0x67, 0x72, 0x65, 0x70, 0x00, 0x68, 0x65,
  0x61, 0x64, 0x00, 0x74, 0x61, 0x69, 0x6c, 0x00, 0x73, 0x6f, 0x72, 0x74,
  0x00, 0x70, 0x69, 0x70, 0x65, 0x5f, 0x74, 0x65, 0x73, 0x74, 0x00, 0x64,
  0x75, 0x70, 0x32, 0x5f, 0x74, 0x65, 0x73, 0x74, 0x00, 0x66, 0x6f, 0x72,
  0x6b, 0x5f, 0x66, 0x64, 0x5f, 0x74, 0x65, 0x73, 0x74, 0x00, 0x70, 0x69,
  0x70, 0x65, 0x5f, 0x66, 0x6f, 0x72, 0x6b, 0x5f, 0x64, 0x75, 0x70, 0x32,
  0x5f, 0x74, 0x65, 0x73, 0x74, 0x00, 0x70, 0x69, 0x70, 0x65, 0x5f, 0x63,
  0x6c, 0x6f, 0x73, 0x65, 0x5f, 0x74, 0x65, 0x73, 0x74, 0x00, 0x65, 0x78,
  0x65, 0x63, 0x5f, 0x66, 0x64, 0x5f, 0x74, 0x65, 0x73, 0x74, 0x00, 0x70,
  0x69, 0x70, 0x65, 0x6c, 0x69, 0x6e, 0x65, 0x5f, 0x64, 0x65, 0x6d, 0x6f,
  0x00, 0x65, 0x78, 0x65, 0x63, 0x5f, 0x61, 0x72, 0x67, 0x73, 0x5f, 0x74,
  0x65, 0x73, 0x74, 0x00, 0x70, 0x69, 0x70, 0x65, 0x6c, 0x69, 0x6e, 0x65,
  0x5f, 0x61, 0x72, 0x67, 0x73, 0x5f, 0x64, 0x65, 0x6d, 0x6f, 0x00, 0x6d,
  0x69, 0x6e, 0x69, 0x5f, 0x70, 0x69, 0x70, 0x65, 0x6c, 0x69, 0x6e, 0x65,
  0x00, 0x70, 0x69, 0x70, 0x65, 0x5f, 0x6d, 0x75, 0x6c, 0x74, 0x69, 0x5f,
  0x74, 0x65, 0x73, 0x74, 0x00, 0x73, 0x6c, 0x65, 0x65, 0x70, 0x74, 0x65,
  0x73, 0x74, 0x00, 0x6c, 0x6f, 0x6f, 0x70, 0x65, 0x78, 0x69, 0x74, 0x00,
  0x46, 0x6f, 0x72, 0x6b, 0x20, 0x66, 0x61, 0x69, 0x6c, 0x65, 0x64, 0x0a,
  0x00, 0x45, 0x78, 0x65, 0x63, 0x20, 0x66, 0x61, 0x69, 0x6c, 0x65, 0x64,
  0x0a, 0x00, 0x52, 0x65, 0x64, 0x69, 0x72, 0x65, 0x63, 0x74, 0x20, 0x73,
  0x65, 0x74, 0x75, 0x70, 0x20, 0x66, 0x61, 0x69, 0x6c, 0x65, 0x64, 0x0a,
  0x00, 0x70, 0x69, 0x70, 0x65, 0x20, 0x73, 0x74, 0x64, 0x6f, 0x75, 0x74,
  0x20, 0x73, 0x65, 0x74, 0x75, 0x70, 0x20, 0x66, 0x61, 0x69, 0x6c, 0x65,
  0x64, 0x0a, 0x00, 0x73, 0x74, 0x64, 0x69, 0x6e, 0x20, 0x72, 0x65, 0x64,
  0x69, 0x72, 0x65, 0x63, 0x74, 0x20, 0x73, 0x65, 0x74, 0x75, 0x70, 0x20,
  0x66, 0x61, 0x69, 0x6c, 0x65, 0x64, 0x0a, 0x00, 0x70, 0x69, 0x70, 0x65,
  0x20, 0x73, 0x74, 0x64, 0x69, 0x6e, 0x20, 0x73, 0x65, 0x74, 0x75, 0x70,
  0x20, 0x66, 0x61, 0x69, 0x6c, 0x65, 0x64, 0x0a, 0x00, 0x6c, 0x61, 0x75,
  0x6e, 0x63, 0x68, 0x20, 0x73, 0x65, 0x74, 0x75, 0x70, 0x20, 0x66, 0x61,
  0x69, 0x6c, 0x65, 0x64, 0x0a, 0x00, 0x57, 0x61, 0x69, 0x74, 0x20, 0x66,
  0x61, 0x69, 0x6c, 0x65, 0x64, 0x0a, 0x00, 0x53, 0x74, 0x61, 0x72, 0x74,
  0x65, 0x64, 0x20, 0x70, 0x69, 0x64, 0x3a, 0x20, 0x00, 0x72, 0x75, 0x6e,
  0x00, 0x70, 0x69, 0x70, 0x65, 0x3a, 0x20, 0x6d, 0x69, 0x73, 0x73, 0x69,
  0x6e, 0x67, 0x20, 0x63, 0x6f, 0x6d, 0x6d, 0x61, 0x6e, 0x64, 0x0a, 0x00,
  0x72, 0x65, 0x64, 0x69, 0x72, 0x65, 0x63, 0x74, 0x3a, 0x20, 0x69, 0x6e,
  0x76, 0x61, 0x6c, 0x69, 0x64, 0x20, 0x69, 0x6e, 0x70, 0x75, 0x74, 0x20,
  0x73, 0x79, 0x6e, 0x74, 0x61, 0x78, 0x0a, 0x00, 0x70, 0x69, 0x70, 0x65,
  0x20, 0x77, 0x69, 0x74, 0x68, 0x20, 0x6c, 0x65, 0x66, 0x74, 0x2d, 0x73,
  0x69, 0x64, 0x65, 0x20, 0x6f, 0x75, 0x74, 0x70, 0x75, 0x74, 0x20, 0x72,
  0x65, 0x64, 0x69, 0x72, 0x65, 0x63, 0x74, 0x69, 0x6f, 0x6e, 0x20, 0x69,
  0x73, 0x20, 0x6e, 0x6f, 0x74, 0x20, 0x73, 0x75, 0x70, 0x70, 0x6f, 0x72,
  0x74, 0x65, 0x64, 0x20, 0x79, 0x65, 0x74, 0x0a, 0x00, 0x00, 0x00, 0x00,
  0x70, 0x69, 0x70, 0x65, 0x20, 0x77, 0x69, 0x74, 0x68, 0x20, 0x72, 0x69,
  0x67, 0x68, 0x74, 0x2d, 0x73, 0x69, 0x64, 0x65, 0x20, 0x69, 0x6e, 0x70,
  0x75, 0x74, 0x20, 0x72, 0x65, 0x64, 0x69, 0x72, 0x65, 0x63, 0x74, 0x69,
  0x6f, 0x6e, 0x20, 0x69, 0x73, 0x20, 0x6e, 0x6f, 0x74, 0x20, 0x73, 0x75,
  0x70, 0x70, 0x6f, 0x72, 0x74, 0x65, 0x64, 0x20, 0x79, 0x65, 0x74, 0x0a,
  0x00, 0x00, 0x00, 0x00, 0x70, 0x69, 0x70, 0x65, 0x20, 0x77, 0x69, 0x74,
  0x68, 0x20, 0x6d, 0x69, 0x64, 0x64, 0x6c, 0x65, 0x20, 0x6f, 0x75, 0x74,
  0x70, 0x75, 0x74, 0x20, 0x72, 0x65, 0x64, 0x69, 0x72, 0x65, 0x63, 0x74,
  0x69, 0x6f, 0x6e, 0x20, 0x69, 0x73, 0x20, 0x6e, 0x6f, 0x74, 0x20, 0x73,
  0x75, 0x70, 0x70, 0x6f, 0x72, 0x74, 0x65, 0x64, 0x20, 0x79, 0x65, 0x74,
  0x0a, 0x00, 0x70, 0x69, 0x70, 0x65, 0x20, 0x69, 0x6e, 0x70, 0x75, 0x74,
  0x20, 0x73, 0x6f, 0x75, 0x72, 0x63, 0x65, 0x20, 0x69, 0x6e, 0x76, 0x61,
  0x6c, 0x69, 0x64, 0x0a, 0x00, 0x00, 0x00, 0x00, 0x70, 0x69, 0x70, 0x65,
  0x20, 0x72, 0x65, 0x64, 0x69, 0x72, 0x65, 0x63, 0x74, 0x20, 0x74, 0x61,
  0x72, 0x67, 0x65, 0x74, 0x20, 0x69, 0x73, 0x20, 0x72, 0x65, 0x61, 0x64,
  0x6f, 0x6e, 0x6c, 0x79, 0x0a, 0x00, 0x00, 0x00, 0x70, 0x69, 0x70, 0x65,
  0x20, 0x61, 0x70, 0x70, 0x65, 0x6e, 0x64, 0x20, 0x74, 0x61, 0x72, 0x67,
  0x65, 0x74, 0x20, 0x6d, 0x75, 0x73, 0x74, 0x20, 0x65, 0x78, 0x69, 0x73,
  0x74, 0x0a, 0x00, 0x70, 0x69, 0x70, 0x65, 0x20, 0x72, 0x65, 0x64, 0x69,
  0x72, 0x65, 0x63, 0x74, 0x20, 0x74, 0x61, 0x72, 0x67, 0x65, 0x74, 0x20,
  0x69, 0x6e, 0x76, 0x61, 0x6c, 0x69, 0x64, 0x0a, 0x00, 0x00, 0x00, 0x00,
  0x70, 0x69, 0x70, 0x65, 0x20, 0x6f, 0x6e, 0x6c, 0x79, 0x20, 0x73, 0x75,
  0x70, 0x70, 0x6f, 0x72, 0x74, 0x73, 0x20, 0x72, 0x75, 0x6e, 0x20, 0x2e,
  0x2e, 0x2e, 0x20, 0x7c, 0x20, 0x72, 0x75, 0x6e, 0x20, 0x2e, 0x2e, 0x2e,
  0x0a, 0x00, 0x54, 0x6f, 0x6f, 0x20, 0x6d, 0x61, 0x6e, 0x79, 0x20, 0x61,
  0x72, 0x67, 0x73, 0x0a, 0x00, 0x41, 0x72, 0x67, 0x20, 0x74, 0x6f, 0x6f,
  0x20, 0x6c, 0x6f, 0x6e, 0x67, 0x0a, 0x00, 0x20, 0x00, 0x74, 0x69, 0x63,
  0x6b, 0x73, 0x3a, 0x20, 0x00, 0x2c, 0x20, 0x73, 0x65, 0x63, 0x6f, 0x6e,
  0x64, 0x73, 0x3a, 0x20, 0x00, 0x00, 0x00, 0x00, 0x6c, 0x73, 0x3a, 0x20,
  0x64, 0x69, 0x72, 0x65, 0x63, 0x74, 0x6f, 0x72, 0x79, 0x20, 0x61, 0x72,
  0x67, 0x73, 0x20, 0x6e, 0x6f, 0x74, 0x20, 0x73, 0x75, 0x70, 0x70, 0x6f,
  0x72, 0x74, 0x65, 0x64, 0x0a, 0x00, 0x6c, 0x73, 0x3a, 0x20, 0x63, 0x6f,
  0x75, 0x6e, 0x74, 0x20, 0x66, 0x61, 0x69, 0x6c, 0x65, 0x64, 0x0a, 0x00,
  0x4e, 0x41, 0x4d, 0x45, 0x20, 0x20, 0x20, 0x20, 0x20, 0x20, 0x20, 0x20,
  0x20, 0x20, 0x20, 0x20, 0x20, 0x20, 0x53, 0x49, 0x5a, 0x45, 0x0a, 0x00,
  0x6c, 0x73, 0x3a, 0x20, 0x69, 0x6e, 0x66, 0x6f, 0x20, 0x66, 0x61, 0x69,
  0x6c, 0x65, 0x64, 0x0a, 0x00, 0x20, 0x20, 0x20, 0x20, 0x20, 0x20, 0x20,
  0x00, 0x55, 0x73, 0x61, 0x67, 0x65, 0x3a, 0x20, 0x63, 0x61, 0x74, 0x20,
  0x3c, 0x66, 0x69, 0x6c, 0x65, 0x3e, 0x0a, 0x00, 0x63, 0x61, 0x74, 0x3a,
  0x20, 0x66, 0x69, 0x6c, 0x65, 0x20, 0x6e, 0x6f, 0x74, 0x20, 0x66, 0x6f,
  0x75, 0x6e, 0x64, 0x0a, 0x00, 0x63, 0x61, 0x74, 0x3a, 0x20, 0x72, 0x65,
  0x61, 0x64, 0x20, 0x66, 0x61, 0x69, 0x6c, 0x65, 0x64, 0x0a, 0x00, 0x63,
  0x61, 0x74, 0x3a, 0x20, 0x63, 0x6c, 0x6f, 0x73, 0x65, 0x20, 0x66, 0x61,
  0x69, 0x6c, 0x65, 0x64, 0x0a, 0x00, 0x55, 0x73, 0x61, 0x67, 0x65, 0x3a,
  0x20, 0x74, 0x6f, 0x75, 0x63, 0x68, 0x20, 0x3c, 0x66, 0x69, 0x6c, 0x65,
  0x3e, 0x0a, 0x00, 0x74, 0x6f, 0x75, 0x63, 0x68, 0x20, 0x66, 0x61, 0x69,
  0x6c, 0x65, 0x64, 0x0a, 0x00, 0x00, 0x00, 0x00, 0x55, 0x73, 0x61, 0x67,
  0x65, 0x3a, 0x20, 0x77, 0x72, 0x69, 0x74, 0x65, 0x66, 0x69, 0x6c, 0x65,
  0x20, 0x3c, 0x66, 0x69, 0x6c, 0x65, 0x3e, 0x20, 0x3c, 0x74, 0x65, 0x78,
  0x74, 0x3e, 0x0a, 0x00, 0x77, 0x72, 0x69, 0x74, 0x65, 0x66, 0x69, 0x6c,
  0x65, 0x3a, 0x20, 0x74, 0x65, 0x78, 0x74, 0x20, 0x74, 0x6f, 0x6f, 0x20,
  0x6c, 0x6f, 0x6e, 0x67, 0x0a, 0x00, 0x77, 0x72, 0x69, 0x74, 0x65, 0x66,
  0x69, 0x6c, 0x65, 0x20, 0x66, 0x61, 0x69, 0x6c, 0x65, 0x64, 0x0a, 0x00,
  0x55, 0x73, 0x61, 0x67, 0x65, 0x3a, 0x20, 0x61, 0x70, 0x70, 0x65, 0x6e,
  0x64, 0x20, 0x3c, 0x66, 0x69, 0x6c, 0x65, 0x3e, 0x20, 0x3c, 0x74, 0x65,
  0x78, 0x74, 0x3e, 0x0a, 0x00, 0x61, 0x70, 0x70, 0x65, 0x6e, 0x64, 0x3a,
  0x20, 0x74, 0x65, 0x78, 0x74, 0x20, 0x74, 0x6f, 0x6f, 0x20, 0x6c, 0x6f,
  0x6e, 0x67, 0x0a, 0x00, 0x61, 0x70, 0x70, 0x65, 0x6e, 0x64, 0x20, 0x66,
  0x61, 0x69, 0x6c, 0x65, 0x64, 0x0a, 0x00, 0x55, 0x73, 0x61, 0x67, 0x65,
  0x3a, 0x20, 0x72, 0x6d, 0x20, 0x3c, 0x66, 0x69, 0x6c, 0x65, 0x3e, 0x0a,
  0x00, 0x72, 0x6d, 0x20, 0x66, 0x61, 0x69, 0x6c, 0x65, 0x64, 0x0a, 0x00,
  0x72, 0x65, 0x61, 0x64, 0x6d, 0x65, 0x74, 0x78, 0x74, 0x00, 0x66, 0x64,
  0x74, 0x65, 0x73, 0x74, 0x20, 0x6f, 0x70, 0x65, 0x6e, 0x20, 0x66, 0x61,
  0x69, 0x6c, 0x65, 0x64, 0x0a, 0x00, 0x66, 0x64, 0x74, 0x65, 0x73, 0x74,
  0x20, 0x72, 0x65, 0x61, 0x64, 0x20, 0x66, 0x61, 0x69, 0x6c, 0x65, 0x64,
  0x0a, 0x00, 0x66, 0x64, 0x74, 0x65, 0x73, 0x74, 0x20, 0x65, 0x6f, 0x66,
  0x20, 0x66, 0x61, 0x69, 0x6c, 0x65, 0x64, 0x0a, 0x00, 0x66, 0x64, 0x74,
  0x65, 0x73, 0x74, 0x20, 0x63, 0x6c, 0x6f, 0x73, 0x65, 0x20, 0x66, 0x61,
  0x69, 0x6c, 0x65, 0x64, 0x0a, 0x00, 0x00, 0x00, 0x66, 0x64, 0x74, 0x65,
  0x73, 0x74, 0x20, 0x72, 0x65, 0x61, 0x64, 0x20, 0x61, 0x66, 0x74, 0x65,
  0x72, 0x20, 0x63, 0x6c, 0x6f, 0x73, 0x65, 0x20, 0x66, 0x61, 0x69, 0x6c,
  0x65, 0x64, 0x0a, 0x00, 0x70, 0x72, 0x6f, 0x67, 0x72, 0x61, 0x6d, 0x73,
  0x00, 0x66, 0x64, 0x74, 0x65, 0x73, 0x74, 0x20, 0x74, 0x61, 0x62, 0x6c,
  0x65, 0x20, 0x66, 0x69, 0x6c, 0x6c, 0x20, 0x66, 0x61, 0x69, 0x6c, 0x65,
  0x64, 0x0a, 0x00, 0x66, 0x64, 0x74, 0x65, 0x73, 0x74, 0x20, 0x66, 0x75,
  0x6c, 0x6c, 0x20, 0x63, 0x68, 0x65, 0x63, 0x6b, 0x20, 0x66, 0x61, 0x69,
  0x6c, 0x65, 0x64, 0x0a, 0x00, 0x66, 0x64, 0x74, 0x65, 0x73, 0x74, 0x20,
  0x6f, 0x6b, 0x0a, 0x00, 0x50, 0x49, 0x44, 0x20, 0x20, 0x50, 0x50, 0x49,
  0x44, 0x20, 0x20, 0x53, 0x54, 0x41, 0x54, 0x45, 0x20, 0x20, 0x20, 0x20,
  0x20, 0x41, 0x47, 0x45, 0x20, 0x20, 0x20, 0x52, 0x55, 0x4e, 0x53, 0x20,
  0x20, 0x45, 0x58, 0x49, 0x54, 0x20, 0x20, 0x4e, 0x41, 0x4d, 0x45, 0x0a,
  0x00, 0x20, 0x20, 0x20, 0x20, 0x00, 0x20, 0x20, 0x20, 0x20, 0x20, 0x00,
  0x20, 0x20, 0x20, 0x00, 0x73, 0x68, 0x65, 0x6c, 0x6c, 0x00, 0x4e, 0x6f,
  0x20, 0x62, 0x61, 0x63, 0x6b, 0x67, 0x72, 0x6f, 0x75, 0x6e, 0x64, 0x20,
  0x6a, 0x6f, 0x62, 0x73, 0x0a, 0x00, 0x4a, 0x4f, 0x42, 0x20, 0x20, 0x50,
  0x49, 0x44, 0x20, 0x20, 0x53, 0x54, 0x41, 0x54, 0x45, 0x20, 0x20, 0x20,
  0x20, 0x20, 0x4e, 0x41, 0x4d, 0x45, 0x0a, 0x00, 0x55, 0x73, 0x61, 0x67,
  0x65, 0x3a, 0x20, 0x73, 0x6c, 0x65, 0x65, 0x70, 0x20, 0x3c, 0x74, 0x69,
  0x63, 0x6b, 0x73, 0x3e, 0x0a, 0x00, 0x49, 0x6e, 0x76, 0x61, 0x6c, 0x69,
  0x64, 0x20, 0x74, 0x69, 0x63, 0x6b, 0x73, 0x0a, 0x00, 0x53, 0x6c, 0x65,
  0x65, 0x70, 0x20, 0x66, 0x61, 0x69, 0x6c, 0x65, 0x64, 0x0a, 0x00, 0x63,
  0x6f, 0x6d, 0x6d, 0x61, 0x6e, 0x64, 0x73, 0x3a, 0x0a, 0x00, 0x20, 0x20,
  0x68, 0x65, 0x6c, 0x70, 0x0a, 0x00, 0x20, 0x20, 0x63, 0x6c, 0x65, 0x61,
  0x72, 0x0a, 0x00, 0x20, 0x20, 0x65, 0x63, 0x68, 0x6f, 0x20, 0x3c, 0x74,
  0x65, 0x78, 0x74, 0x3e, 0x0a, 0x00, 0x20, 0x20, 0x65, 0x63, 0x68, 0x6f,
  0x20, 0x3c, 0x74, 0x65, 0x78, 0x74, 0x3e, 0x20, 0x3e, 0x20, 0x3c, 0x66,
  0x69, 0x6c, 0x65, 0x3e, 0x0a, 0x00, 0x20, 0x20, 0x65, 0x63, 0x68, 0x6f,
  0x20, 0x3c, 0x74, 0x65, 0x78, 0x74, 0x3e, 0x20, 0x3e, 0x3e, 0x20, 0x3c,
  0x66, 0x69, 0x6c, 0x65, 0x3e, 0x0a, 0x00, 0x20, 0x20, 0x72, 0x75, 0x6e,
  0x20, 0x3c, 0x70, 0x72, 0x6f, 0x67, 0x72, 0x61, 0x6d, 0x3e, 0x20, 0x5b,
  0x61, 0x72, 0x67, 0x73, 0x5d, 0x0a, 0x00, 0x00, 0x20, 0x20, 0x72, 0x75,
  0x6e, 0x20, 0x3c, 0x70, 0x72, 0x6f, 0x67, 0x72, 0x61, 0x6d, 0x3e, 0x20,
  0x5b, 0x61, 0x72, 0x67, 0x73, 0x5d, 0x20, 0x3e, 0x20, 0x3c, 0x66, 0x69,
  0x6c, 0x65, 0x3e, 0x0a, 0x00, 0x00, 0x00, 0x00, 0x20, 0x20, 0x72, 0x75,
  0x6e, 0x20, 0x3c, 0x70, 0x72, 0x6f, 0x67, 0x72, 0x61, 0x6d, 0x3e, 0x20,
  0x5b, 0x61, 0x72, 0x67, 0x73, 0x5d, 0x20, 0x3e, 0x3e, 0x20, 0x3c, 0x66,
  0x69, 0x6c, 0x65, 0x3e, 0x0a, 0x00, 0x20, 0x20, 0x72, 0x75, 0x6e, 0x20,
  0x63, 0x61, 0x74, 0x20, 0x3c, 0x20, 0x3c, 0x66, 0x69, 0x6c, 0x65, 0x3e,
  0x0a, 0x00, 0x20, 0x20, 0x72, 0x75, 0x6e, 0x20, 0x63, 0x61, 0x74, 0x20,
  0x3c, 0x20, 0x3c, 0x66, 0x69, 0x6c, 0x65, 0x3e, 0x20, 0x3e, 0x20, 0x3c,
  0x66, 0x69, 0x6c, 0x65, 0x3e, 0x0a, 0x00, 0x00, 0x20, 0x20, 0x72, 0x75,
  0x6e, 0x20, 0x3c, 0x70, 0x72, 0x6f, 0x67, 0x72, 0x61, 0x6d, 0x3e, 0x20,
  0x5b, 0x61, 0x72, 0x67, 0x73, 0x5d, 0x20, 0x7c, 0x20, 0x72, 0x75, 0x6e,
  0x20, 0x3c, 0x70, 0x72, 0x6f, 0x67, 0x72, 0x61, 0x6d, 0x3e, 0x20, 0x5b,
  0x61, 0x72, 0x67, 0x73, 0x5d, 0x0a, 0x00, 0x00, 0x20, 0x20, 0x72, 0x75,
  0x6e, 0x20, 0x3c, 0x70, 0x72, 0x6f, 0x67, 0x72, 0x61, 0x6d, 0x3e, 0x20,
  0x3c, 0x20, 0x3c, 0x66, 0x69, 0x6c, 0x65, 0x3e, 0x20, 0x7c, 0x20, 0x72,
  0x75, 0x6e, 0x20, 0x3c, 0x70, 0x72, 0x6f, 0x67, 0x72, 0x61, 0x6d, 0x3e,
  0x20, 0x5b, 0x61, 0x72, 0x67, 0x73, 0x5d, 0x0a, 0x00, 0x00, 0x00, 0x00,
  0x20, 0x20, 0x72, 0x75, 0x6e, 0x20, 0x3c, 0x70, 0x72, 0x6f, 0x67, 0x72,
  0x61, 0x6d, 0x3e, 0x20, 0x3c, 0x20, 0x3c, 0x66, 0x69, 0x6c, 0x65, 0x3e,
  0x20, 0x7c, 0x20, 0x72, 0x75, 0x6e, 0x20, 0x3c, 0x70, 0x72, 0x6f, 0x67,
  0x72, 0x61, 0x6d, 0x3e, 0x20, 0x5b, 0x61, 0x72, 0x67, 0x73, 0x5d, 0x20,
  0x3e, 0x20, 0x3c, 0x66, 0x69, 0x6c, 0x65, 0x3e, 0x0a, 0x00, 0x00, 0x00,
  0x20, 0x20, 0x72, 0x75, 0x6e, 0x20, 0x3c, 0x70, 0x72, 0x6f, 0x67, 0x72,
  0x61, 0x6d, 0x3e, 0x20, 0x3c, 0x20, 0x3c, 0x66, 0x69, 0x6c, 0x65, 0x3e,
  0x20, 0x7c, 0x20, 0x72, 0x75, 0x6e, 0x20, 0x3c, 0x70, 0x72, 0x6f, 0x67,
  0x72, 0x61, 0x6d, 0x3e, 0x20, 0x5b, 0x61, 0x72, 0x67, 0x73, 0x5d, 0x20,
  0x3e, 0x3e, 0x20, 0x3c, 0x66, 0x69, 0x6c, 0x65, 0x3e, 0x0a, 0x00, 0x00,
  0x20, 0x20, 0x72, 0x75, 0x6e, 0x20, 0x3c, 0x70, 0x72, 0x6f, 0x67, 0x72,
  0x61, 0x6d, 0x3e, 0x20, 0x5b, 0x61, 0x72, 0x67, 0x73, 0x5d, 0x20, 0x7c,
  0x20, 0x72, 0x75, 0x6e, 0x20, 0x3c, 0x70, 0x72, 0x6f, 0x67, 0x72, 0x61,
  0x6d, 0x3e, 0x20, 0x5b, 0x61, 0x72, 0x67, 0x73, 0x5d, 0x20, 0x3e, 0x20,
  0x3c, 0x66, 0x69, 0x6c, 0x65, 0x3e, 0x0a, 0x00, 0x20, 0x20, 0x72, 0x75,
  0x6e, 0x20, 0x3c, 0x70, 0x72, 0x6f, 0x67, 0x72, 0x61, 0x6d, 0x3e, 0x20,
  0x5b, 0x61, 0x72, 0x67, 0x73, 0x5d, 0x20, 0x7c, 0x20, 0x72, 0x75, 0x6e,
  0x20, 0x3c, 0x70, 0x72, 0x6f, 0x67, 0x72, 0x61, 0x6d, 0x3e, 0x20, 0x5b,
  0x61, 0x72, 0x67, 0x73, 0x5d, 0x20, 0x3e, 0x3e, 0x20, 0x3c, 0x66, 0x69,
  0x6c, 0x65, 0x3e, 0x0a, 0x00, 0x20, 0x20, 0x73, 0x74, 0x61, 0x72, 0x74,
  0x20, 0x3c, 0x70, 0x72, 0x6f, 0x67, 0x72, 0x61, 0x6d, 0x3e, 0x20, 0x5b,
  0x61, 0x72, 0x67, 0x73, 0x5d, 0x0a, 0x00, 0x20, 0x20, 0x6a, 0x6f, 0x62,
  0x73, 0x0a, 0x00, 0x20, 0x20, 0x77, 0x61, 0x69, 0x74, 0x20, 0x5b, 0x70,
  0x69, 0x64, 0x5d, 0x0a, 0x00, 0x20, 0x20, 0x6b, 0x69, 0x6c, 0x6c, 0x20,
  0x3c, 0x70, 0x69, 0x64, 0x3e, 0x0a, 0x00, 0x20, 0x20, 0x6c, 0x73, 0x0a,
  0x00, 0x20, 0x20, 0x63, 0x61, 0x74, 0x20, 0x3c, 0x66, 0x69, 0x6c, 0x65,
  0x3e, 0x0a, 0x00, 0x20, 0x20, 0x74, 0x6f, 0x75, 0x63, 0x68, 0x20, 0x3c,
  0x66, 0x69, 0x6c, 0x65, 0x3e, 0x0a, 0x00, 0x20, 0x20, 0x77, 0x72, 0x69,
  0x74, 0x65, 0x66, 0x69, 0x6c, 0x65, 0x20, 0x3c, 0x66, 0x69, 0x6c, 0x65,
  0x3e, 0x20, 0x3c, 0x74, 0x65, 0x78, 0x74, 0x3e, 0x0a, 0x00, 0x20, 0x20,
  0x61, 0x70, 0x70, 0x65, 0x6e, 0x64, 0x20, 0x3c, 0x66, 0x69, 0x6c, 0x65,
  0x3e, 0x20, 0x3c, 0x74, 0x65, 0x78, 0x74, 0x3e, 0x0a, 0x00, 0x20, 0x20,
  0x72, 0x6d, 0x20, 0x3c, 0x66, 0x69, 0x6c, 0x65, 0x3e, 0x0a, 0x00, 0x00,
  0x20, 0x20, 0x70, 0x73, 0x20, 0x20, 0x20, 0x20, 0x73, 0x68, 0x6f, 0x77,
  0x20, 0x70, 0x72, 0x6f, 0x63, 0x65, 0x73, 0x73, 0x20, 0x74, 0x61, 0x62,
  0x6c, 0x65, 0x20, 0x77, 0x69, 0x74, 0x68, 0x20, 0x61, 0x67, 0x65, 0x2f,
  0x72, 0x75, 0x6e, 0x73, 0x0a, 0x00, 0x20, 0x20, 0x75, 0x70, 0x74, 0x69,
  0x6d, 0x65, 0x0a, 0x00, 0x20, 0x20, 0x74, 0x69, 0x63, 0x6b, 0x73, 0x0a,
  0x00, 0x20, 0x20, 0x73, 0x6c, 0x65, 0x65, 0x70, 0x20, 0x3c, 0x74, 0x69,
  0x63, 0x6b, 0x73, 0x3e, 0x0a, 0x00, 0x20, 0x20, 0x68, 0x65, 0x6c, 0x6c,
  0x6f, 0x0a, 0x00, 0x20, 0x20, 0x65, 0x78, 0x69, 0x74, 0x0a, 0x00, 0x70,
  0x72, 0x6f, 0x67, 0x72, 0x61, 0x6d, 0x73, 0x3a, 0x0a, 0x00, 0x00, 0x00,
  0x20, 0x20, 0x68, 0x65, 0x6c, 0x6c, 0x6f, 0x20, 0x65, 0x63, 0x68, 0x6f,
  0x20, 0x6c, 0x73, 0x20, 0x63, 0x61, 0x74, 0x20, 0x73, 0x74, 0x61, 0x74,
  0x20, 0x77, 0x72, 0x69, 0x74, 0x65, 0x66, 0x69, 0x6c, 0x65, 0x20, 0x61,
  0x70, 0x70, 0x65, 0x6e, 0x64, 0x20, 0x6c, 0x6f, 0x6f, 0x70, 0x20, 0x6c,
  0x6f, 0x6f, 0x70, 0x5f, 0x65, 0x78, 0x69, 0x74, 0x20, 0x73, 0x6c, 0x65,
  0x65, 0x70, 0x5f, 0x74, 0x65, 0x73, 0x74, 0x0a, 0x00, 0x73, 0x68, 0x65,
  0x6c, 0x6c, 0x20, 0x73, 0x74, 0x61, 0x72, 0x74, 0x0a, 0x00, 0x4d, 0x69,
  0x6e, 0x69, 0x4f, 0x53, 0x24, 0x20, 0x00, 0x70, 0x69, 0x70, 0x65, 0x3a,
  0x20, 0x69, 0x6e, 0x76, 0x61, 0x6c, 0x69, 0x64, 0x20, 0x73, 0x79, 0x6e,
  0x74, 0x61, 0x78, 0x0a, 0x00, 0x00, 0x00, 0x00, 0x70, 0x69, 0x70, 0x65,
  0x20, 0x77, 0x69, 0x74, 0x68, 0x20, 0x6c, 0x65, 0x66, 0x74, 0x2d, 0x73,
  0x69, 0x64, 0x65, 0x20, 0x72, 0x65, 0x64, 0x69, 0x72, 0x65, 0x63, 0x74,
  0x69, 0x6f, 0x6e, 0x20, 0x69, 0x73, 0x20, 0x6e, 0x6f, 0x74, 0x20, 0x73,
  0x75, 0x70, 0x70, 0x6f, 0x72, 0x74, 0x65, 0x64, 0x20, 0x79, 0x65, 0x74,
  0x0a, 0x00, 0x00, 0x00, 0x72, 0x65, 0x64, 0x69, 0x72, 0x65, 0x63, 0x74,
  0x3a, 0x20, 0x6d, 0x69, 0x73, 0x73, 0x69, 0x6e, 0x67, 0x20, 0x70, 0x72,
  0x6f, 0x67, 0x72, 0x61, 0x6d, 0x20, 0x74, 0x61, 0x72, 0x67, 0x65, 0x74,
  0x0a, 0x00, 0x00, 0x00, 0x69, 0x6e, 0x70, 0x75, 0x74, 0x20, 0x72, 0x65,
  0x64, 0x69, 0x72, 0x65, 0x63, 0x74, 0x20, 0x6f, 0x6e, 0x6c, 0x79, 0x20,
  0x73, 0x75, 0x70, 0x70, 0x6f, 0x72, 0x74, 0x73, 0x20, 0x72, 0x75, 0x6e,
  0x20, 0x6e, 0x6f, 0x77, 0x0a, 0x00, 0x00, 0x00, 0x63, 0x6f, 0x6d, 0x62,
  0x69, 0x6e, 0x65, 0x64, 0x20, 0x72, 0x65, 0x64, 0x69, 0x72, 0x65, 0x63,
  0x74, 0x69, 0x6f, 0x6e, 0x20, 0x6f, 0x6e, 0x6c, 0x79, 0x20, 0x73, 0x75,
  0x70, 0x70, 0x6f, 0x72, 0x74, 0x73, 0x20, 0x72, 0x75, 0x6e, 0x20, 0x6e,
  0x6f, 0x77, 0x0a, 0x00, 0x72, 0x65, 0x64, 0x69, 0x72, 0x65, 0x63, 0x74,
  0x20, 0x6f, 0x6e, 0x6c, 0x79, 0x20, 0x73, 0x75, 0x70, 0x70, 0x6f, 0x72,
  0x74, 0x73, 0x20, 0x65, 0x63, 0x68, 0x6f, 0x2f, 0x72, 0x75, 0x6e, 0x20,
  0x6e, 0x6f, 0x77, 0x0a, 0x00, 0x68, 0x65, 0x6c, 0x70, 0x00, 0x63, 0x6c,
  0x65, 0x61, 0x72, 0x00, 0x70, 0x73, 0x00, 0x6a, 0x6f, 0x62, 0x73, 0x00,
  0x74, 0x6f, 0x75, 0x63, 0x68, 0x00, 0x72, 0x6d, 0x00, 0x66, 0x64, 0x74,
  0x65, 0x73, 0x74, 0x00, 0x75, 0x70, 0x74, 0x69, 0x6d, 0x65, 0x00, 0x74,
  0x69, 0x63, 0x6b, 0x73, 0x00, 0x73, 0x6c, 0x65, 0x65, 0x70, 0x00, 0x77,
  0x61, 0x69, 0x74, 0x00, 0x4e, 0x6f, 0x20, 0x65, 0x78, 0x69, 0x74, 0x65,
  0x64, 0x20, 0x63, 0x68, 0x69, 0x6c, 0x64, 0x0a, 0x00, 0x57, 0x61, 0x69,
  0x74, 0x20, 0x64, 0x6f, 0x6e, 0x65, 0x20, 0x70, 0x69, 0x64, 0x3a, 0x20,
  0x00, 0x55, 0x73, 0x61, 0x67, 0x65, 0x3a, 0x20, 0x77, 0x61, 0x69, 0x74,
  0x20, 0x5b, 0x70, 0x69, 0x64, 0x5d, 0x0a, 0x00, 0x49, 0x6e, 0x76, 0x61,
  0x6c, 0x69, 0x64, 0x20, 0x70, 0x69, 0x64, 0x0a, 0x00, 0x6b, 0x69, 0x6c,
  0x6c, 0x00, 0x55, 0x73, 0x61, 0x67, 0x65, 0x3a, 0x20, 0x6b, 0x69, 0x6c,
  0x6c, 0x20, 0x3c, 0x70, 0x69, 0x64, 0x3e, 0x0a, 0x00, 0x4b, 0x69, 0x6c,
  0x6c, 0x20, 0x66, 0x61, 0x69, 0x6c, 0x65, 0x64, 0x0a, 0x00, 0x4b, 0x69,
  0x6c, 0x6c, 0x65, 0x64, 0x0a, 0x00, 0x73, 0x74, 0x61, 0x72, 0x74, 0x00,
  0x55, 0x73, 0x61, 0x67, 0x65, 0x3a, 0x20, 0x73, 0x74, 0x61, 0x72, 0x74,
  0x20, 0x3c, 0x70, 0x72, 0x6f, 0x67, 0x72, 0x61, 0x6d, 0x3e, 0x0a, 0x00,
  0x55, 0x73, 0x61, 0x67, 0x65, 0x3a, 0x20, 0x72, 0x75, 0x6e, 0x20, 0x3c,
  0x70, 0x72, 0x6f, 0x67, 0x72, 0x61, 0x6d, 0x3e, 0x0a, 0x00, 0x00, 0x00,
  0x72, 0x65, 0x64, 0x69, 0x72, 0x65, 0x63, 0x74, 0x20, 0x64, 0x6f, 0x65,
  0x73, 0x20, 0x6e, 0x6f, 0x74, 0x20, 0x73, 0x75, 0x70, 0x70, 0x6f, 0x72,
  0x74, 0x20, 0x73, 0x74, 0x61, 0x72, 0x74, 0x0a, 0x00, 0x00, 0x00, 0x00,
  0x69, 0x6e, 0x70, 0x75, 0x74, 0x20, 0x72, 0x65, 0x64, 0x69, 0x72, 0x65,
  0x63, 0x74, 0x20, 0x64, 0x6f, 0x65, 0x73, 0x20, 0x6e, 0x6f, 0x74, 0x20,
  0x73, 0x75, 0x70, 0x70, 0x6f, 0x72, 0x74, 0x20, 0x73, 0x74, 0x61, 0x72,
  0x74, 0x0a, 0x00, 0x55, 0x6e, 0x6b, 0x6e, 0x6f, 0x77, 0x6e, 0x20, 0x70,
  0x72, 0x6f, 0x67, 0x72, 0x61, 0x6d, 0x0a, 0x00, 0x65, 0x78, 0x69, 0x74,
  0x00, 0x73, 0x68, 0x65, 0x6c, 0x6c, 0x20, 0x65, 0x78, 0x69, 0x74, 0x0a,
  0x00, 0x55, 0x6e, 0x6b, 0x6e, 0x6f, 0x77, 0x6e, 0x20, 0x63, 0x6f, 0x6d,
  0x6d, 0x61, 0x6e, 0x64, 0x0a, 0x00, 0x00, 0x00, 0x01, 0x1b, 0x03, 0x3b,
  0xb0, 0x02, 0x00, 0x00, 0x55, 0x00, 0x00, 0x00, 0xa0, 0xb0, 0xff, 0xff,
  0xcc, 0x02, 0x00, 0x00, 0xb3, 0xb0, 0xff, 0xff, 0xec, 0x02, 0x00, 0x00,
  0xcf, 0xb0, 0xff, 0xff, 0x10, 0x03, 0x00, 0x00, 0xee, 0xb0, 0xff, 0xff,
  0x34, 0x03, 0x00, 0x00, 0x0e, 0xb1, 0xff, 0xff, 0x58, 0x03, 0x00, 0x00,
  0x22, 0xb1, 0xff, 0xff, 0x78, 0x03, 0x00, 0x00, 0x35, 0xb1, 0xff, 0xff,
  0x94, 0x03, 0x00, 0x00, 0x44, 0xb1, 0xff, 0xff, 0xb4, 0x03, 0x00, 0x00,
  0x57, 0xb1, 0xff, 0xff, 0xd4, 0x03, 0x00, 0x00, 0x6d, 0xb1, 0xff, 0xff,
  0xf4, 0x03, 0x00, 0x00, 0x7c, 0xb1, 0xff, 0xff, 0x14, 0x04, 0x00, 0x00,
  0x8b, 0xb1, 0xff, 0xff, 0x34, 0x04, 0x00, 0x00, 0x9d, 0xb1, 0xff, 0xff,
  0x54, 0x04, 0x00, 0x00, 0xac, 0xb1, 0xff, 0xff, 0x74, 0x04, 0x00, 0x00,
  0xc5, 0xb1, 0xff, 0xff, 0x94, 0x04, 0x00, 0x00, 0xdb, 0xb1, 0xff, 0xff,
  0xb4, 0x04, 0x00, 0x00, 0xed, 0xb1, 0xff, 0xff, 0xd4, 0x04, 0x00, 0x00,
  0x02, 0xb2, 0xff, 0xff, 0xf4, 0x04, 0x00, 0x00, 0x12, 0xb2, 0xff, 0xff,
  0x14, 0x05, 0x00, 0x00, 0x25, 0xb2, 0xff, 0xff, 0x34, 0x05, 0x00, 0x00,
  0x3e, 0xb2, 0xff, 0xff, 0x54, 0x05, 0x00, 0x00, 0x50, 0xb2, 0xff, 0xff,
  0x74, 0x05, 0x00, 0x00, 0x5f, 0xb2, 0xff, 0xff, 0x94, 0x05, 0x00, 0x00,
  0x78, 0xb2, 0xff, 0xff, 0xb4, 0x05, 0x00, 0x00, 0x8b, 0xb2, 0xff, 0xff,
  0xd4, 0x05, 0x00, 0x00, 0xa2, 0xb2, 0xff, 0xff, 0xf4, 0x05, 0x00, 0x00,
  0xb5, 0xb2, 0xff, 0xff, 0x14, 0x06, 0x00, 0x00, 0xcc, 0xb2, 0xff, 0xff,
  0x34, 0x06, 0x00, 0x00, 0xe5, 0xb2, 0xff, 0xff, 0x54, 0x06, 0x00, 0x00,
  0xfb, 0xb2, 0xff, 0xff, 0x74, 0x06, 0x00, 0x00, 0x0b, 0xb3, 0xff, 0xff,
  0x94, 0x06, 0x00, 0x00, 0x1d, 0xb3, 0xff, 0xff, 0xb4, 0x06, 0x00, 0x00,
  0x2f, 0xb3, 0xff, 0xff, 0xd4, 0x06, 0x00, 0x00, 0x42, 0xb3, 0xff, 0xff,
  0xf4, 0x06, 0x00, 0x00, 0x57, 0xb3, 0xff, 0xff, 0x14, 0x07, 0x00, 0x00,
  0x69, 0xb3, 0xff, 0xff, 0x34, 0x07, 0x00, 0x00, 0x78, 0xb3, 0xff, 0xff,
  0x54, 0x07, 0x00, 0x00, 0x8f, 0xb3, 0xff, 0xff, 0x74, 0x07, 0x00, 0x00,
  0x9e, 0xb3, 0xff, 0xff, 0x94, 0x07, 0x00, 0x00, 0x2d, 0xb4, 0xff, 0xff,
  0xb4, 0x07, 0x00, 0x00, 0x6d, 0xb4, 0xff, 0xff, 0xd4, 0x07, 0x00, 0x00,
  0x82, 0xb4, 0xff, 0xff, 0xf4, 0x07, 0x00, 0x00, 0x97, 0xb4, 0xff, 0xff,
  0x14, 0x08, 0x00, 0x00, 0x13, 0xb5, 0xff, 0xff, 0x34, 0x08, 0x00, 0x00,
  0x5d, 0xb5, 0xff, 0xff, 0x54, 0x08, 0x00, 0x00, 0x6a, 0xb6, 0xff, 0xff,
  0x74, 0x08, 0x00, 0x00, 0xa0, 0xb7, 0xff, 0xff, 0x94, 0x08, 0x00, 0x00,
  0x4c, 0xb8, 0xff, 0xff, 0xb4, 0x08, 0x00, 0x00, 0xbe, 0xb8, 0xff, 0xff,
  0xd4, 0x08, 0x00, 0x00, 0x30, 0xb9, 0xff, 0xff, 0xf4, 0x08, 0x00, 0x00,
  0xb4, 0xb9, 0xff, 0xff, 0x14, 0x09, 0x00, 0x00, 0x84, 0xbc, 0xff, 0xff,
  0x34, 0x09, 0x00, 0x00, 0xb4, 0xbc, 0xff, 0xff, 0x54, 0x09, 0x00, 0x00,
  0xfc, 0xbc, 0xff, 0xff, 0x74, 0x09, 0x00, 0x00, 0x5b, 0xbd, 0xff, 0xff,
  0x94, 0x09, 0x00, 0x00, 0x99, 0xbd, 0xff, 0xff, 0xb4, 0x09, 0x00, 0x00,
  0xff, 0xbe, 0xff, 0xff, 0xd4, 0x09, 0x00, 0x00, 0xbd, 0xbf, 0xff, 0xff,
  0xf4, 0x09, 0x00, 0x00, 0x59, 0xc0, 0xff, 0xff, 0x14, 0x0a, 0x00, 0x00,
  0x66, 0xc1, 0xff, 0xff, 0x34, 0x0a, 0x00, 0x00, 0x70, 0xc1, 0xff, 0xff,
  0x54, 0x0a, 0x00, 0x00, 0x99, 0xc1, 0xff, 0xff, 0x74, 0x0a, 0x00, 0x00,
  0x02, 0xc2, 0xff, 0xff, 0x94, 0x0a, 0x00, 0x00, 0xba, 0xc2, 0xff, 0xff,
  0xb4, 0x0a, 0x00, 0x00, 0x6e, 0xc3, 0xff, 0xff, 0xd4, 0x0a, 0x00, 0x00,
  0xb1, 0xc6, 0xff, 0xff, 0xf4, 0x0a, 0x00, 0x00, 0x0d, 0xc7, 0xff, 0xff,
  0x14, 0x0b, 0x00, 0x00, 0x5e, 0xc9, 0xff, 0xff, 0x34, 0x0b, 0x00, 0x00,
  0x00, 0xcb, 0xff, 0xff, 0x54, 0x0b, 0x00, 0x00, 0xfa, 0xcb, 0xff, 0xff,
  0x74, 0x0b, 0x00, 0x00, 0x81, 0xd0, 0xff, 0xff, 0x98, 0x0b, 0x00, 0x00,
  0x38, 0xd1, 0xff, 0xff, 0xb8, 0x0b, 0x00, 0x00, 0xa9, 0xd1, 0xff, 0xff,
  0xd8, 0x0b, 0x00, 0x00, 0x0b, 0xd2, 0xff, 0xff, 0xf8, 0x0b, 0x00, 0x00,
  0xc4, 0xd2, 0xff, 0xff, 0x18, 0x0c, 0x00, 0x00, 0x7d, 0xd3, 0xff, 0xff,
  0x38, 0x0c, 0x00, 0x00, 0xc1, 0xd3, 0xff, 0xff, 0x58, 0x0c, 0x00, 0x00,
  0x3e, 0xd4, 0xff, 0xff, 0x78, 0x0c, 0x00, 0x00, 0xbb, 0xd4, 0xff, 0xff,
  0x98, 0x0c, 0x00, 0x00, 0xff, 0xd4, 0xff, 0xff, 0xb8, 0x0c, 0x00, 0x00,
  0xc2, 0xd6, 0xff, 0xff, 0xd8, 0x0c, 0x00, 0x00, 0xb2, 0xd7, 0xff, 0xff,
  0xf8, 0x0c, 0x00, 0x00, 0xf2, 0xd8, 0xff, 0xff, 0x18, 0x0d, 0x00, 0x00,
  0x01, 0xda, 0xff, 0xff, 0x38, 0x0d, 0x00, 0x00, 0xce, 0xdb, 0xff, 0xff,
  0x58, 0x0d, 0x00, 0x00, 0x14, 0x00, 0x00, 0x00, 0x00, 0x00, 0x00, 0x00,
  0x01, 0x7a, 0x52, 0x00, 0x01, 0x7c, 0x08, 0x01, 0x1b, 0x0c, 0x04, 0x04,
  0x88, 0x01, 0x00, 0x00, 0x1c, 0x00, 0x00, 0x00, 0x1c, 0x00, 0x00, 0x00,
  0xcc, 0xad, 0xff, 0xff, 0x13, 0x00, 0x00, 0x00, 0x00, 0x41, 0x0e, 0x08,
  0x85, 0x02, 0x42, 0x0d, 0x05, 0x4f, 0xc5, 0x0c, 0x04, 0x04, 0x00, 0x00,
  0x20, 0x00, 0x00, 0x00, 0x3c, 0x00, 0x00, 0x00, 0xbf, 0xad, 0xff, 0xff,
  0x1c, 0x00, 0x00, 0x00, 0x00, 0x41, 0x0e, 0x08, 0x85, 0x02, 0x42, 0x0d,
  0x05, 0x44, 0x83, 0x03, 0x54, 0xc5, 0xc3, 0x0c, 0x04, 0x04, 0x00, 0x00,
  0x20, 0x00, 0x00, 0x00, 0x60, 0x00, 0x00, 0x00, 0xb7, 0xad, 0xff, 0xff,
  0x1f, 0x00, 0x00, 0x00, 0x00, 0x41, 0x0e, 0x08, 0x85, 0x02, 0x42, 0x0d,
  0x05, 0x44, 0x83, 0x03, 0x57, 0xc5, 0xc3, 0x0c, 0x04, 0x04, 0x00, 0x00,
  0x20, 0x00, 0x00, 0x00, 0x84, 0x00, 0x00, 0x00, 0xb2, 0xad, 0xff, 0xff,
  0x20, 0x00, 0x00, 0x00, 0x00, 0x41, 0x0e, 0x08, 0x85, 0x02, 0x42, 0x0d,
  0x05, 0x44, 0x83, 0x03, 0x58, 0xc5, 0xc3, 0x0c, 0x04, 0x04, 0x00, 0x00,
  0x1c, 0x00, 0x00, 0x00, 0xa8, 0x00, 0x00, 0x00, 0xae, 0xad, 0xff, 0xff,
  0x14, 0x00, 0x00, 0x00, 0x00, 0x41, 0x0e, 0x08, 0x85, 0x02, 0x42, 0x0d,
  0x05, 0x50, 0xc5, 0x0c, 0x04, 0x04, 0x00, 0x00, 0x18, 0x00, 0x00, 0x00,
  0xc8, 0x00, 0x00, 0x00, 0xa2, 0xad, 0xff, 0xff, 0x13, 0x00, 0x00, 0x00,
  0x00, 0x41, 0x0e, 0x08, 0x85, 0x02, 0x42, 0x0d, 0x05, 0x00, 0x00, 0x00,
  0x1c, 0x00, 0x00, 0x00, 0xe4, 0x00, 0x00, 0x00, 0x99, 0xad, 0xff, 0xff,
  0x0f, 0x00, 0x00, 0x00, 0x00, 0x41, 0x0e, 0x08, 0x85, 0x02, 0x42, 0x0d,
  0x05, 0x4b, 0xc5, 0x0c, 0x04, 0x04, 0x00, 0x00, 0x1c, 0x00, 0x00, 0x00,
  0x04, 0x01, 0x00, 0x00, 0x88, 0xad, 0xff, 0xff, 0x13, 0x00, 0x00, 0x00,
  0x00, 0x41, 0x0e, 0x08, 0x85, 0x02, 0x42, 0x0d, 0x05, 0x4f, 0xc5, 0x0c,
  0x04, 0x04, 0x00, 0x00, 0x1c, 0x00, 0x00, 0x00, 0x24, 0x01, 0x00, 0x00,
  0x7b, 0xad, 0xff, 0xff, 0x16, 0x00, 0x00, 0x00, 0x00, 0x41, 0x0e, 0x08,
  0x85, 0x02, 0x42, 0x0d, 0x05, 0x52, 0xc5, 0x0c, 0x04, 0x04, 0x00, 0x00,
  0x1c, 0x00, 0x00, 0x00, 0x44, 0x01, 0x00, 0x00, 0x71, 0xad, 0xff, 0xff,
  0x0f, 0x00, 0x00, 0x00, 0x00, 0x41, 0x0e, 0x08, 0x85, 0x02, 0x42, 0x0d,
  0x05, 0x4b, 0xc5, 0x0c, 0x04, 0x04, 0x00, 0x00, 0x1c, 0x00, 0x00, 0x00,
  0x64, 0x01, 0x00, 0x00, 0x60, 0xad, 0xff, 0xff, 0x0f, 0x00, 0x00, 0x00,
  0x00, 0x41, 0x0e, 0x08, 0x85, 0x02, 0x42, 0x0d, 0x05, 0x4b, 0xc5, 0x0c,
  0x04, 0x04, 0x00, 0x00, 0x1c, 0x00, 0x00, 0x00, 0x84, 0x01, 0x00, 0x00,
  0x4f, 0xad, 0xff, 0xff, 0x12, 0x00, 0x00, 0x00, 0x00, 0x41, 0x0e, 0x08,
  0x85, 0x02, 0x42, 0x0d, 0x05, 0x4e, 0xc5, 0x0c, 0x04, 0x04, 0x00, 0x00,
  0x1c, 0x00, 0x00, 0x00, 0xa4, 0x01, 0x00, 0x00, 0x41, 0xad, 0xff, 0xff,
  0x0f, 0x00, 0x00, 0x00, 0x00, 0x41, 0x0e, 0x08, 0x85, 0x02, 0x42, 0x0d,
  0x05, 0x4b, 0xc5, 0x0c, 0x04, 0x04, 0x00, 0x00, 0x1c, 0x00, 0x00, 0x00,
  0xc4, 0x01, 0x00, 0x00, 0x30, 0xad, 0xff, 0xff, 0x19, 0x00, 0x00, 0x00,
  0x00, 0x41, 0x0e, 0x08, 0x85, 0x02, 0x42, 0x0d, 0x05, 0x55, 0xc5, 0x0c,
  0x04, 0x04, 0x00, 0x00, 0x1c, 0x00, 0x00, 0x00, 0xe4, 0x01, 0x00, 0x00,
  0x29, 0xad, 0xff, 0xff, 0x16, 0x00, 0x00, 0x00, 0x00, 0x41, 0x0e, 0x08,
  0x85, 0x02, 0x42, 0x0d, 0x05, 0x52, 0xc5, 0x0c, 0x04, 0x04, 0x00, 0x00,
  0x1c, 0x00, 0x00, 0x00, 0x04, 0x02, 0x00, 0x00, 0x1f, 0xad, 0xff, 0xff,
  0x12, 0x00, 0x00, 0x00, 0x00, 0x41, 0x0e, 0x08, 0x85, 0x02, 0x42, 0x0d,
  0x05, 0x4e, 0xc5, 0x0c, 0x04, 0x04, 0x00, 0x00, 0x1c, 0x00, 0x00, 0x00,
  0x24, 0x02, 0x00, 0x00, 0x11, 0xad, 0xff, 0xff, 0x15, 0x00, 0x00, 0x00,
  0x00, 0x41, 0x0e, 0x08, 0x85, 0x02, 0x42, 0x0d, 0x05, 0x51, 0xc5, 0x0c,
  0x04, 0x04, 0x00, 0x00, 0x1c, 0x00, 0x00, 0x00, 0x44, 0x02, 0x00, 0x00,
  0x06, 0xad, 0xff, 0xff, 0x10, 0x00, 0x00, 0x00, 0x00, 0x41, 0x0e, 0x08,
  0x85, 0x02, 0x42, 0x0d, 0x05, 0x4c, 0xc5, 0x0c, 0x04, 0x04, 0x00, 0x00,
  0x1c, 0x00, 0x00, 0x00, 0x64, 0x02, 0x00, 0x00, 0xf6, 0xac, 0xff, 0xff,
  0x13, 0x00, 0x00, 0x00, 0x00, 0x41, 0x0e, 0x08, 0x85, 0x02, 0x42, 0x0d,
  0x05, 0x4f, 0xc5, 0x0c, 0x04, 0x04, 0x00, 0x00, 0x1c, 0x00, 0x00, 0x00,
  0x84, 0x02, 0x00, 0x00, 0xe9, 0xac, 0xff, 0xff, 0x19, 0x00, 0x00, 0x00,
  0x00, 0x41, 0x0e, 0x08, 0x85, 0x02, 0x42, 0x0d, 0x05, 0x55, 0xc5, 0x0c,
  0x04, 0x04, 0x00, 0x00, 0x1c, 0x00, 0x00, 0x00, 0xa4, 0x02, 0x00, 0x00,
  0xe2, 0xac, 0xff, 0xff, 0x12, 0x00, 0x00, 0x00, 0x00, 0x41, 0x0e, 0x08,
  0x85, 0x02, 0x42, 0x0d, 0x05, 0x4e, 0xc5, 0x0c, 0x04, 0x04, 0x00, 0x00,
  0x1c, 0x00, 0x00, 0x00, 0xc4, 0x02, 0x00, 0x00, 0xd4, 0xac, 0xff, 0xff,
  0x0f, 0x00, 0x00, 0x00, 0x00, 0x41, 0x0e, 0x08, 0x85, 0x02, 0x42, 0x0d,
  0x05, 0x4b, 0xc5, 0x0c, 0x04, 0x04, 0x00, 0x00, 0x1c, 0x00, 0x00, 0x00,
  0xe4, 0x02, 0x00, 0x00, 0xc3, 0xac, 0xff, 0xff, 0x19, 0x00, 0x00, 0x00,
  0x00, 0x41, 0x0e, 0x08, 0x85, 0x02, 0x42, 0x0d, 0x05, 0x55, 0xc5, 0x0c,
  0x04, 0x04, 0x00, 0x00, 0x1c, 0x00, 0x00, 0x00, 0x04, 0x03, 0x00, 0x00,
  0xbc, 0xac, 0xff, 0xff, 0x13, 0x00, 0x00, 0x00, 0x00, 0x41, 0x0e, 0x08,
  0x85, 0x02, 0x42, 0x0d, 0x05, 0x4f, 0xc5, 0x0c, 0x04, 0x04, 0x00, 0x00,
  0x1c, 0x00, 0x00, 0x00, 0x24, 0x03, 0x00, 0x00, 0xaf, 0xac, 0xff, 0xff,
  0x17, 0x00, 0x00, 0x00, 0x00, 0x41, 0x0e, 0x08, 0x85, 0x02, 0x42, 0x0d,
  0x05, 0x53, 0xc5, 0x0c, 0x04, 0x04, 0x00, 0x00, 0x1c, 0x00, 0x00, 0x00,
  0x44, 0x03, 0x00, 0x00, 0xa6, 0xac, 0xff, 0xff, 0x13, 0x00, 0x00, 0x00,
  0x00, 0x41, 0x0e, 0x08, 0x85, 0x02, 0x42, 0x0d, 0x05, 0x4f, 0xc5, 0x0c,
  0x04, 0x04, 0x00, 0x00, 0x1c, 0x00, 0x00, 0x00, 0x64, 0x03, 0x00, 0x00,
  0x99, 0xac, 0xff, 0xff, 0x17, 0x00, 0x00, 0x00, 0x00, 0x41, 0x0e, 0x08,
  0x85, 0x02, 0x42, 0x0d, 0x05, 0x53, 0xc5, 0x0c, 0x04, 0x04, 0x00, 0x00,
  0x1c, 0x00, 0x00, 0x00, 0x84, 0x03, 0x00, 0x00, 0x90, 0xac, 0xff, 0xff,
  0x19, 0x00, 0x00, 0x00, 0x00, 0x41, 0x0e, 0x08, 0x85, 0x02, 0x42, 0x0d,
  0x05, 0x55, 0xc5, 0x0c, 0x04, 0x04, 0x00, 0x00, 0x1c, 0x00, 0x00, 0x00,
  0xa4, 0x03, 0x00, 0x00, 0x89, 0xac, 0xff, 0xff, 0x16, 0x00, 0x00, 0x00,
  0x00, 0x41, 0x0e, 0x08, 0x85, 0x02, 0x42, 0x0d, 0x05, 0x52, 0xc5, 0x0c,
  0x04, 0x04, 0x00, 0x00, 0x1c, 0x00, 0x00, 0x00, 0xc4, 0x03, 0x00, 0x00,
  0x7f, 0xac, 0xff, 0xff, 0x10, 0x00, 0x00, 0x00, 0x00, 0x41, 0x0e, 0x08,
  0x85, 0x02, 0x42, 0x0d, 0x05, 0x4c, 0xc5, 0x0c, 0x04, 0x04, 0x00, 0x00,
  0x1c, 0x00, 0x00, 0x00, 0xe4, 0x03, 0x00, 0x00, 0x6f, 0xac, 0xff, 0xff,
  0x12, 0x00, 0x00, 0x00, 0x00, 0x41, 0x0e, 0x08, 0x85, 0x02, 0x42, 0x0d,
  0x05, 0x4e, 0xc5, 0x0c, 0x04, 0x04, 0x00, 0x00, 0x1c, 0x00, 0x00, 0x00,
  0x04, 0x04, 0x00, 0x00, 0x61, 0xac, 0xff, 0xff, 0x12, 0x00, 0x00, 0x00,
  0x00, 0x41, 0x0e, 0x08, 0x85, 0x02, 0x42, 0x0d, 0x05, 0x4e, 0xc5, 0x0c,
  0x04, 0x04, 0x00, 0x00, 0x1c, 0x00, 0x00, 0x00, 0x24, 0x04, 0x00, 0x00,
  0x53, 0xac, 0xff, 0xff, 0x13, 0x00, 0x00, 0x00, 0x00, 0x41, 0x0e, 0x08,
  0x85, 0x02, 0x42, 0x0d, 0x05, 0x4f, 0xc5, 0x0c, 0x04, 0x04, 0x00, 0x00,
  0x1c, 0x00, 0x00, 0x00, 0x44, 0x04, 0x00, 0x00, 0x46, 0xac, 0xff, 0xff,
  0x15, 0x00, 0x00, 0x00, 0x00, 0x41, 0x0e, 0x08, 0x85, 0x02, 0x42, 0x0d,
  0x05, 0x51, 0xc5, 0x0c, 0x04, 0x04, 0x00, 0x00, 0x1c, 0x00, 0x00, 0x00,
  0x64, 0x04, 0x00, 0x00, 0x3b, 0xac, 0xff, 0xff, 0x12, 0x00, 0x00, 0x00,
  0x00, 0x41, 0x0e, 0x08, 0x85, 0x02, 0x42, 0x0d, 0x05, 0x4e, 0xc5, 0x0c,
  0x04, 0x04, 0x00, 0x00, 0x1c, 0x00, 0x00, 0x00, 0x84, 0x04, 0x00, 0x00,
  0x2d, 0xac, 0xff, 0xff, 0x0f, 0x00, 0x00, 0x00, 0x00, 0x41, 0x0e, 0x08,
  0x85, 0x02, 0x42, 0x0d, 0x05, 0x4b, 0xc5, 0x0c, 0x04, 0x04, 0x00, 0x00,
  0x1c, 0x00, 0x00, 0x00, 0xa4, 0x04, 0x00, 0x00, 0x1c, 0xac, 0xff, 0xff,
  0x17, 0x00, 0x00, 0x00, 0x00, 0x41, 0x0e, 0x08, 0x85, 0x02, 0x42, 0x0d,
  0x05, 0x53, 0xc5, 0x0c, 0x04, 0x04, 0x00, 0x00, 0x1c, 0x00, 0x00, 0x00,
  0xc4, 0x04, 0x00, 0x00, 0x13, 0xac, 0xff, 0xff, 0x0f, 0x00, 0x00, 0x00,
  0x00, 0x41, 0x0e, 0x08, 0x85, 0x02, 0x42, 0x0d, 0x05, 0x4b, 0xc5, 0x0c,
  0x04, 0x04, 0x00, 0x00, 0x1c, 0x00, 0x00, 0x00, 0xe4, 0x04, 0x00, 0x00,
  0x02, 0xac, 0xff, 0xff, 0x8f, 0x00, 0x00, 0x00, 0x00, 0x41, 0x0e, 0x08,
  0x85, 0x02, 0x42, 0x0d, 0x05, 0x02, 0x8b, 0xc5, 0x0c, 0x04, 0x04, 0x00,
  0x1c, 0x00, 0x00, 0x00, 0x04, 0x05, 0x00, 0x00, 0x71, 0xac, 0xff, 0xff,
  0x40, 0x00, 0x00, 0x00, 0x00, 0x41, 0x0e, 0x08, 0x85, 0x02, 0x42, 0x0d,
  0x05, 0x7c, 0xc5, 0x0c, 0x04, 0x04, 0x00, 0x00, 0x1c, 0x00, 0x00, 0x00,
  0x24, 0x05, 0x00, 0x00, 0x91, 0xac, 0xff, 0xff, 0x15, 0x00, 0x00, 0x00,
  0x00, 0x41, 0x0e, 0x08, 0x85, 0x02, 0x42, 0x0d, 0x05, 0x51, 0xc5, 0x0c,
  0x04, 0x04, 0x00, 0x00, 0x1c, 0x00, 0x00, 0x00, 0x44, 0x05, 0x00, 0x00,
  0x86, 0xac, 0xff, 0xff, 0x15, 0x00, 0x00, 0x00, 0x00, 0x41, 0x0e, 0x08,
  0x85, 0x02, 0x42, 0x0d, 0x05, 0x51, 0xc5, 0x0c, 0x04, 0x04, 0x00, 0x00,
  0x1c, 0x00, 0x00, 0x00, 0x64, 0x05, 0x00, 0x00, 0x7b, 0xac, 0xff, 0xff,
  0x7c, 0x00, 0x00, 0x00, 0x00, 0x41, 0x0e, 0x08, 0x85, 0x02, 0x42, 0x0d,
  0x05, 0x02, 0x78, 0xc5, 0x0c, 0x04, 0x04, 0x00, 0x1c, 0x00, 0x00, 0x00,
  0x84, 0x05, 0x00, 0x00, 0xd7, 0xac, 0xff, 0xff, 0x4a, 0x00, 0x00, 0x00,
  0x00, 0x41, 0x0e, 0x08, 0x85, 0x02, 0x42, 0x0d, 0x05, 0x02, 0x46, 0xc5,
  0x0c, 0x04, 0x04, 0x00, 0x1c, 0x00, 0x00, 0x00, 0xa4, 0x05, 0x00, 0x00,
  0x01, 0xad, 0xff, 0xff, 0x0d, 0x01, 0x00, 0x00, 0x00, 0x41, 0x0e, 0x08,
  0x85, 0x02, 0x42, 0x0d, 0x05, 0x03, 0x09, 0x01, 0xc5, 0x0c, 0x04, 0x04,
  0x1c, 0x00, 0x00, 0x00, 0xc4, 0x05, 0x00, 0x00, 0xee, 0xad, 0xff, 0xff,
  0x36, 0x01, 0x00, 0x00, 0x00, 0x41, 0x0e, 0x08, 0x85, 0x02, 0x42, 0x0d,
  0x05, 0x03, 0x32, 0x01, 0xc5, 0x0c, 0x04, 0x04, 0x1c, 0x00, 0x00, 0x00,
  0xe4, 0x05, 0x00, 0x00, 0x04, 0xaf, 0xff, 0xff, 0xac, 0x00, 0x00, 0x00,
  0x00, 0x41, 0x0e, 0x08, 0x85, 0x02, 0x42, 0x0d, 0x05, 0x02, 0xa8, 0xc5,
  0x0c, 0x04, 0x04, 0x00, 0x1c, 0x00, 0x00, 0x00, 0x04, 0x06, 0x00, 0x00,
  0x90, 0xaf, 0xff, 0xff, 0x72, 0x00, 0x00, 0x00, 0x00, 0x41, 0x0e, 0x08,
  0x85, 0x02, 0x42, 0x0d, 0x05, 0x02, 0x6e, 0xc5, 0x0c, 0x04, 0x04, 0x00,
  0x1c, 0x00, 0x00, 0x00, 0x24, 0x06, 0x00, 0x00, 0xe2, 0xaf, 0xff, 0xff,
  0x72, 0x00, 0x00, 0x00, 0x00, 0x41, 0x0e, 0x08, 0x85, 0x02, 0x42, 0x0d,
  0x05, 0x02, 0x6e, 0xc5, 0x0c, 0x04, 0x04, 0x00, 0x1c, 0x00, 0x00, 0x00,
  0x44, 0x06, 0x00, 0x00, 0x34, 0xb0, 0xff, 0xff, 0x84, 0x00, 0x00, 0x00,
  0x00, 0x41, 0x0e, 0x08, 0x85, 0x02, 0x42, 0x0d, 0x05, 0x02, 0x80, 0xc5,
  0x0c, 0x04, 0x04, 0x00, 0x1c, 0x00, 0x00, 0x00, 0x64, 0x06, 0x00, 0x00,
  0x98, 0xb0, 0xff, 0xff, 0xd0, 0x02, 0x00, 0x00, 0x00, 0x41, 0x0e, 0x08,
  0x85, 0x02, 0x42, 0x0d, 0x05, 0x03, 0xcc, 0x02, 0xc5, 0x0c, 0x04, 0x04,
  0x1c, 0x00, 0x00, 0x00, 0x84, 0x06, 0x00, 0x00, 0x48, 0xb3, 0xff, 0xff,
  0x30, 0x00, 0x00, 0x00, 0x00, 0x41, 0x0e, 0x08, 0x85, 0x02, 0x42, 0x0d,
  0x05, 0x6c, 0xc5, 0x0c, 0x04, 0x04, 0x00, 0x00, 0x1c, 0x00, 0x00, 0x00,
  0xa4, 0x06, 0x00, 0x00, 0x58, 0xb3, 0xff, 0xff, 0x48, 0x00, 0x00, 0x00,
  0x00, 0x41, 0x0e, 0x08, 0x85, 0x02, 0x42, 0x0d, 0x05, 0x02, 0x44, 0xc5,
  0x0c, 0x04, 0x04, 0x00, 0x1c, 0x00, 0x00, 0x00, 0xc4, 0x06, 0x00, 0x00,
  0x80, 0xb3, 0xff, 0xff, 0x5f, 0x00, 0x00, 0x00, 0x00, 0x41, 0x0e, 0x08,
  0x85, 0x02, 0x42, 0x0d, 0x05, 0x02, 0x5b, 0xc5, 0x0c, 0x04, 0x04, 0x00,
  0x1c, 0x00, 0x00, 0x00, 0xe4, 0x06, 0x00, 0x00, 0xbf, 0xb3, 0xff, 0xff,
  0x3e, 0x00, 0x00, 0x00, 0x00, 0x41, 0x0e, 0x08, 0x85, 0x02, 0x42, 0x0d,
  0x05, 0x7a, 0xc5, 0x0c, 0x04, 0x04, 0x00, 0x00, 0x1c, 0x00, 0x00, 0x00,
  0x04, 0x07, 0x00, 0x00, 0xdd, 0xb3, 0xff, 0xff, 0x66, 0x01, 0x00, 0x00,
  0x00, 0x41, 0x0e, 0x08, 0x85, 0x02, 0x42, 0x0d, 0x05, 0x03, 0x62, 0x01,
  0xc5, 0x0c, 0x04, 0x04, 0x1c, 0x00, 0x00, 0x00, 0x24, 0x07, 0x00, 0x00,
  0x23, 0xb5, 0xff, 0xff, 0xbe, 0x00, 0x00, 0x00, 0x00, 0x41, 0x0e, 0x08,
  0x85, 0x02, 0x42, 0x0d, 0x05, 0x02, 0xba, 0xc5, 0x0c, 0x04, 0x04, 0x00,
  0x1c, 0x00, 0x00, 0x00, 0x44, 0x07, 0x00, 0x00, 0xc1, 0xb5, 0xff, 0xff,
  0x9c, 0x00, 0x00, 0x00, 0x00, 0x41, 0x0e, 0x08, 0x85, 0x02, 0x42, 0x0d,
  0x05, 0x02, 0x98, 0xc5, 0x0c, 0x04, 0x04, 0x00, 0x1c, 0x00, 0x00, 0x00,
  0x64, 0x07, 0x00, 0x00, 0x3d, 0xb6, 0xff, 0xff, 0x0d, 0x01, 0x00, 0x00,
  0x00, 0x41, 0x0e, 0x08, 0x85, 0x02, 0x42, 0x0d, 0x05, 0x03, 0x09, 0x01,
  0xc5, 0x0c, 0x04, 0x04, 0x1c, 0x00, 0x00, 0x00, 0x84, 0x07, 0x00, 0x00,
  0x2a, 0xb7, 0xff, 0xff, 0x0a, 0x00, 0x00, 0x00, 0x00, 0x41, 0x0e, 0x08,
  0x85, 0x02, 0x42, 0x0d, 0x05, 0x46, 0xc5, 0x0c, 0x04, 0x04, 0x00, 0x00,
  0x1c, 0x00, 0x00, 0x00, 0xa4, 0x07, 0x00, 0x00, 0x14, 0xb7, 0xff, 0xff,
  0x29, 0x00, 0x00, 0x00, 0x00, 0x41, 0x0e, 0x08, 0x85, 0x02, 0x42, 0x0d,
  0x05, 0x65, 0xc5, 0x0c, 0x04, 0x04, 0x00, 0x00, 0x1c, 0x00, 0x00, 0x00,
  0xc4, 0x07, 0x00, 0x00, 0x1d, 0xb7, 0xff, 0xff, 0x69, 0x00, 0x00, 0x00,
  0x00, 0x41, 0x0e, 0x08, 0x85, 0x02, 0x42, 0x0d, 0x05, 0x02, 0x65, 0xc5,
  0x0c, 0x04, 0x04, 0x00, 0x1c, 0x00, 0x00, 0x00, 0xe4, 0x07, 0x00, 0x00,
  0x66, 0xb7, 0xff, 0xff, 0xb8, 0x00, 0x00, 0x00, 0x00, 0x41, 0x0e, 0x08,
  0x85, 0x02, 0x42, 0x0d, 0x05, 0x02, 0xb4, 0xc5, 0x0c, 0x04, 0x04, 0x00,
  0x1c, 0x00, 0x00, 0x00, 0x04, 0x08, 0x00, 0x00, 0xfe, 0xb7, 0xff, 0xff,
  0xb4, 0x00, 0x00, 0x00, 0x00, 0x41, 0x0e, 0x08, 0x85, 0x02, 0x42, 0x0d,
  0x05, 0x02, 0xb0, 0xc5, 0x0c, 0x04, 0x04, 0x00, 0x1c, 0x00, 0x00, 0x00,
  0x24, 0x08, 0x00, 0x00, 0x92, 0xb8, 0xff, 0xff, 0x43, 0x03, 0x00, 0x00,
  0x00, 0x41, 0x0e, 0x08, 0x85, 0x02, 0x42, 0x0d, 0x05, 0x03, 0x3f, 0x03,
  0xc5, 0x0c, 0x04, 0x04, 0x1c, 0x00, 0x00, 0x00, 0x44, 0x08, 0x00, 0x00,
  0xb5, 0xbb, 0xff, 0xff, 0x5c, 0x00, 0x00, 0x00, 0x00, 0x41, 0x0e, 0x08,
  0x85, 0x02, 0x42, 0x0d, 0x05, 0x02, 0x58, 0xc5, 0x0c, 0x04, 0x04, 0x00,
  0x1c, 0x00, 0x00, 0x00, 0x64, 0x08, 0x00, 0x00, 0xf1, 0xbb, 0xff, 0xff,
  0x51, 0x02, 0x00, 0x00, 0x00, 0x41, 0x0e, 0x08, 0x85, 0x02, 0x42, 0x0d,
  0x05, 0x03, 0x4d, 0x02, 0xc5, 0x0c, 0x04, 0x04, 0x1c, 0x00, 0x00, 0x00,
  0x84, 0x08, 0x00, 0x00, 0x22, 0xbe, 0xff, 0xff, 0xa2, 0x01, 0x00, 0x00,
  0x00, 0x41, 0x0e, 0x08, 0x85, 0x02, 0x42, 0x0d, 0x05, 0x03, 0x9e, 0x01,
  0xc5, 0x0c, 0x04, 0x04, 0x1c, 0x00, 0x00, 0x00, 0xa4, 0x08, 0x00, 0x00,
  0xa4, 0xbf, 0xff, 0xff, 0xfa, 0x00, 0x00, 0x00, 0x00, 0x41, 0x0e, 0x08,
  0x85, 0x02, 0x42, 0x0d, 0x05, 0x02, 0xf6, 0xc5, 0x0c, 0x04, 0x04, 0x00,
  0x20, 0x00, 0x00, 0x00, 0xc4, 0x08, 0x00, 0x00, 0x7e, 0xc0, 0xff, 0xff,
  0x87, 0x04, 0x00, 0x00, 0x00, 0x41, 0x0e, 0x08, 0x85, 0x02, 0x42, 0x0d,
  0x05, 0x44, 0x83, 0x03, 0x03, 0x7f, 0x04, 0xc5, 0xc3, 0x0c, 0x04, 0x04,
  0x1c, 0x00, 0x00, 0x00, 0xe8, 0x08, 0x00, 0x00, 0xe1, 0xc4, 0xff, 0xff,
  0xb7, 0x00, 0x00, 0x00, 0x00, 0x41, 0x0e, 0x08, 0x85, 0x02, 0x42, 0x0d,
  0x05, 0x02, 0xb3, 0xc5, 0x0c, 0x04, 0x04, 0x00, 0x1c, 0x00, 0x00, 0x00,
  0x08, 0x09, 0x00, 0x00, 0x78, 0xc5, 0xff, 0xff, 0x71, 0x00, 0x00, 0x00,
  0x00, 0x41, 0x0e, 0x08, 0x85, 0x02, 0x42, 0x0d, 0x05, 0x02, 0x6d, 0xc5,
  0x0c, 0x04, 0x04, 0x00, 0x1c, 0x00, 0x00, 0x00, 0x28, 0x09, 0x00, 0x00,
  0xc9, 0xc5, 0xff, 0xff, 0x62, 0x00, 0x00, 0x00, 0x00, 0x41, 0x0e, 0x08,
  0x85, 0x02, 0x42, 0x0d, 0x05, 0x02, 0x5e, 0xc5, 0x0c, 0x04, 0x04, 0x00,
  0x1c, 0x00, 0x00, 0x00, 0x48, 0x09, 0x00, 0x00, 0x0b, 0xc6, 0xff, 0xff,
  0xb9, 0x00, 0x00, 0x00, 0x00, 0x41, 0x0e, 0x08, 0x85, 0x02, 0x42, 0x0d,
  0x05, 0x02, 0xb5, 0xc5, 0x0c, 0x04, 0x04, 0x00, 0x1c, 0x00, 0x00, 0x00,
  0x68, 0x09, 0x00, 0x00, 0xa4, 0xc6, 0xff, 0xff, 0xb9, 0x00, 0x00, 0x00,
  0x00, 0x41, 0x0e, 0x08, 0x85, 0x02, 0x42, 0x0d, 0x05, 0x02, 0xb5, 0xc5,
  0x0c, 0x04, 0x04, 0x00, 0x1c, 0x00, 0x00, 0x00, 0x88, 0x09, 0x00, 0x00,
  0x3d, 0xc7, 0xff, 0xff, 0x44, 0x00, 0x00, 0x00, 0x00, 0x41, 0x0e, 0x08,
  0x85, 0x02, 0x42, 0x0d, 0x05, 0x02, 0x40, 0xc5, 0x0c, 0x04, 0x04, 0x00,
  0x1c, 0x00, 0x00, 0x00, 0xa8, 0x09, 0x00, 0x00, 0x61, 0xc7, 0xff, 0xff,
  0x7d, 0x00, 0x00, 0x00, 0x00, 0x41, 0x0e, 0x08, 0x85, 0x02, 0x42, 0x0d,
  0x05, 0x02, 0x79, 0xc5, 0x0c, 0x04, 0x04, 0x00, 0x1c, 0x00, 0x00, 0x00,
  0xc8, 0x09, 0x00, 0x00, 0xbe, 0xc7, 0xff, 0xff, 0x7d, 0x00, 0x00, 0x00,
  0x00, 0x41, 0x0e, 0x08, 0x85, 0x02, 0x42, 0x0d, 0x05, 0x02, 0x79, 0xc5,
  0x0c, 0x04, 0x04, 0x00, 0x1c, 0x00, 0x00, 0x00, 0xe8, 0x09, 0x00, 0x00,
  0x1b, 0xc8, 0xff, 0xff, 0x44, 0x00, 0x00, 0x00, 0x00, 0x41, 0x0e, 0x08,
  0x85, 0x02, 0x42, 0x0d, 0x05, 0x02, 0x40, 0xc5, 0x0c, 0x04, 0x04, 0x00,
  0x1c, 0x00, 0x00, 0x00, 0x08, 0x0a, 0x00, 0x00, 0x3f, 0xc8, 0xff, 0xff,
  0xc3, 0x01, 0x00, 0x00, 0x00, 0x41, 0x0e, 0x08, 0x85, 0x02, 0x42, 0x0d,
  0x05, 0x03, 0xbf, 0x01, 0xc5, 0x0c, 0x04, 0x04, 0x1c, 0x00, 0x00, 0x00,
  0x28, 0x0a, 0x00, 0x00, 0xe2, 0xc9, 0xff, 0xff, 0xf0, 0x00, 0x00, 0x00,
  0x00, 0x41, 0x0e, 0x08, 0x85, 0x02, 0x42, 0x0d, 0x05, 0x02, 0xec, 0xc5,
  0x0c, 0x04, 0x04, 0x00, 0x1c, 0x00, 0x00, 0x00, 0x48, 0x0a, 0x00, 0x00,
  0xb2, 0xca, 0xff, 0xff, 0x40, 0x01, 0x00, 0x00, 0x00, 0x41, 0x0e, 0x08,
  0x85, 0x02, 0x42, 0x0d, 0x05, 0x03, 0x3c, 0x01, 0xc5, 0x0c, 0x04, 0x04,
  0x1c, 0x00, 0x00, 0x00, 0x68, 0x0a, 0x00, 0x00, 0xd2, 0xcb, 0xff, 0xff,
  0x0f, 0x01, 0x00, 0x00, 0x00, 0x41, 0x0e, 0x08, 0x85, 0x02, 0x42, 0x0d,
  0x05, 0x03, 0x0b, 0x01, 0xc5, 0x0c, 0x04, 0x04, 0x1c, 0x00, 0x00, 0x00,
  0x88, 0x0a, 0x00, 0x00, 0xc1, 0xcc, 0xff, 0xff, 0xcd, 0x01, 0x00, 0x00,
  0x00, 0x41, 0x0e, 0x08, 0x85, 0x02, 0x42, 0x0d, 0x05, 0x03, 0xc9, 0x01,
  0xc5, 0x0c, 0x04, 0x04, 0x1c, 0x00, 0x00, 0x00, 0xa8, 0x0a, 0x00, 0x00,
  0x6e, 0xce, 0xff, 0xff, 0x75, 0x0a, 0x00, 0x00, 0x00, 0x41, 0x0e, 0x08,
  0x85, 0x02, 0x42, 0x0d, 0x05, 0x48, 0x86, 0x03, 0x83, 0x04, 0x00, 0x00,
  0x00, 0x00, 0x00, 0x00, 0x00, 0x00, 0x00, 0x00, 0x00, 0x00, 0x00, 0x00,
  0x00, 0x00, 0x00, 0x00, 0x00, 0x00, 0x00, 0x00, 0x00, 0x00, 0x00, 0x00,
  0x00, 0x00, 0x00, 0x00, 0x00, 0x00, 0x00, 0x00, 0x00, 0x00, 0x00, 0x00,
  0x00, 0x00, 0x00, 0x00, 0x00, 0x00, 0x00, 0x00, 0x00, 0x00, 0x00, 0x00,
  0x00, 0x00, 0x00, 0x00, 0x00, 0x00, 0x00, 0x00, 0x00, 0x00, 0x00, 0x00,
  0x00, 0x00, 0x00, 0x00, 0x00, 0x00, 0x00, 0x00, 0x00, 0x00, 0x00, 0x00,
  0x00, 0x00, 0x00, 0x00, 0x00, 0x00, 0x00, 0x00, 0x00, 0x00, 0x00, 0x00,
  0x00, 0x00, 0x00, 0x00, 0x00, 0x00, 0x00, 0x00, 0x00, 0x00, 0x00, 0x00,
  0x00, 0x00, 0x00, 0x00, 0x00, 0x00, 0x00, 0x00, 0x00, 0x00, 0x00, 0x00,
  0x00, 0x00, 0x00, 0x00, 0x00, 0x00, 0x00, 0x00, 0x00, 0x00, 0x00, 0x00,
  0x00, 0x00, 0x00, 0x00, 0x00, 0x00, 0x00, 0x00, 0x00, 0x00, 0x00, 0x00,
  0x00, 0x00, 0x00, 0x00, 0x00, 0x00, 0x00, 0x00, 0x00, 0x00, 0x00, 0x00,
  0x00, 0x00, 0x00, 0x00, 0x00, 0x00, 0x00, 0x00, 0x00, 0x00, 0x00, 0x00,
  0x00, 0x00, 0x00, 0x00, 0x00, 0x00, 0x00, 0x00, 0x00, 0x00, 0x00, 0x00,
  0x00, 0x00, 0x00, 0x00, 0x00, 0x00, 0x00, 0x00, 0x00, 0x00, 0x00, 0x00,
  0x00, 0x00, 0x00, 0x00, 0x00, 0x00, 0x00, 0x00, 0x00, 0x00, 0x00, 0x00,
  0x00, 0x00, 0x00, 0x00, 0x00, 0x00, 0x00, 0x00, 0x00, 0x00, 0x00, 0x00,
  0x00, 0x00, 0x00, 0x00, 0x00, 0x00, 0x00, 0x00, 0x00, 0x00, 0x00, 0x00,
  0x00, 0x00, 0x00, 0x00, 0x00, 0x00, 0x00, 0x00, 0x00, 0x00, 0x00, 0x00,
  0x00, 0x00, 0x00, 0x00, 0x00, 0x00, 0x00, 0x00, 0x00, 0x00, 0x00, 0x00,
  0x00, 0x00, 0x00, 0x00, 0x00, 0x00, 0x00, 0x00, 0x00, 0x00, 0x00, 0x00,
  0x00, 0x00, 0x00, 0x00, 0x00, 0x00, 0x00, 0x00, 0x00, 0x00, 0x00, 0x00,
  0x00, 0x00, 0x00, 0x00, 0x00, 0x00, 0x00, 0x00, 0x00, 0x00, 0x00, 0x00,
  0x00, 0x00, 0x00, 0x00, 0x00, 0x00, 0x00, 0x00, 0x00, 0x00, 0x00, 0x00,
  0x00, 0x00, 0x00, 0x00, 0x00, 0x00, 0x00, 0x00, 0x00, 0x00, 0x00, 0x00,
  0x00, 0x00, 0x00, 0x00, 0x00, 0x00, 0x00, 0x00, 0x00, 0x00, 0x00, 0x00,
  0x00, 0x00, 0x00, 0x00, 0x00, 0x00, 0x00, 0x00, 0x00, 0x00, 0x00, 0x00,
  0x00, 0x00, 0x00, 0x00, 0x00, 0x00, 0x00, 0x00, 0x00, 0x00, 0x00, 0x00,
  0x00, 0x00, 0x00, 0x00, 0x00, 0x00, 0x00, 0x00, 0x00, 0x00, 0x00, 0x00,
  0x00, 0x00, 0x00, 0x00, 0x00, 0x00, 0x00, 0x00, 0x00, 0x00, 0x00, 0x00,
  0x00, 0x00, 0x00, 0x00, 0x00, 0x00, 0x00, 0x00, 0x00, 0x00, 0x00, 0x00,
  0x00, 0x00, 0x00, 0x00, 0x00, 0x00, 0x00, 0x00, 0x00, 0x00, 0x00, 0x00,
  0x00, 0x00, 0x00, 0x00, 0x00, 0x00, 0x00, 0x00, 0x00, 0x00, 0x00, 0x00,
  0x00, 0x00, 0x00, 0x00, 0x00, 0x00, 0x00, 0x00, 0x00, 0x00, 0x00, 0x00,
  0x00, 0x00, 0x00, 0x00, 0x00, 0x00, 0x00, 0x00, 0x00, 0x00, 0x00, 0x00,
  0x00, 0x00, 0x00, 0x00, 0x00, 0x00, 0x00, 0x00, 0x00, 0x00, 0x00, 0x00,
  0x00, 0x00, 0x00, 0x00, 0x00, 0x00, 0x00, 0x00, 0x00, 0x00, 0x00, 0x00,
  0x00, 0x00, 0x00, 0x00, 0x00, 0x00, 0x00, 0x00, 0x00, 0x00, 0x00, 0x00,
  0x00, 0x00, 0x00, 0x00, 0x00, 0x00, 0x00, 0x00, 0x00, 0x00, 0x00, 0x00,
  0x00, 0x00, 0x00, 0x00, 0x00, 0x00, 0x00, 0x00, 0x00, 0x00, 0x00, 0x00,
  0x00, 0x00, 0x00, 0x00, 0x00, 0x00, 0x00, 0x00, 0x00, 0x00, 0x00, 0x00,
  0x00, 0x00, 0x00, 0x00, 0x00, 0x00, 0x00, 0x00, 0x00, 0x00, 0x00, 0x00,
  0x00, 0x00, 0x00, 0x00, 0x00, 0x00, 0x00, 0x00, 0x00, 0x00, 0x00, 0x00,
  0x00, 0x00, 0x00, 0x00, 0x00, 0x00, 0x00, 0x00, 0x00, 0x00, 0x00, 0x00,
  0x00, 0x00, 0x00, 0x00, 0x00, 0x00, 0x00, 0x00, 0x00, 0x00, 0x00, 0x00,
  0x00, 0x00, 0x00, 0x00, 0x00, 0x00, 0x00, 0x00, 0x00, 0x00, 0x00, 0x00,
  0x00, 0x00, 0x00, 0x00, 0x00, 0x00, 0x00, 0x00, 0x00, 0x00, 0x00, 0x00,
  0x00, 0x00, 0x00, 0x00, 0x00, 0x00, 0x00, 0x00, 0x00, 0x00, 0x00, 0x00,
  0x00, 0x00, 0x00, 0x00, 0x00, 0x00, 0x00, 0x00, 0x00, 0x00, 0x00, 0x00,
  0x00, 0x00, 0x00, 0x00, 0x00, 0x00, 0x00, 0x00, 0x00, 0x00, 0x00, 0x00,
  0x00, 0x00, 0x00, 0x00, 0x00, 0x00, 0x00, 0x00, 0x00, 0x00, 0x00, 0x00,
  0x00, 0x00, 0x00, 0x00, 0x00, 0x00, 0x00, 0x00, 0x00, 0x00, 0x00, 0x00,
  0x00, 0x00, 0x00, 0x00, 0x00, 0x00, 0x00, 0x00, 0x00, 0x00, 0x00, 0x00,
  0x00, 0x00, 0x00, 0x00, 0x00, 0x00, 0x00, 0x00, 0x00, 0x00, 0x00, 0x00,
  0x00, 0x00, 0x00, 0x00, 0x00, 0x00, 0x00, 0x00, 0x00, 0x00, 0x00, 0x00,
  0x00, 0x00, 0x00, 0x00, 0x00, 0x00, 0x00, 0x00, 0x00, 0x00, 0x00, 0x00,
  0x00, 0x00, 0x00, 0x00, 0x00, 0x00, 0x00, 0x00, 0x00, 0x00, 0x00, 0x00,
  0x00, 0x00, 0x00, 0x00, 0x00, 0x00, 0x00, 0x00, 0x00, 0x00, 0x00, 0x00,
  0x00, 0x00, 0x00, 0x00, 0x00, 0x00, 0x00, 0x00, 0x00, 0x00, 0x00, 0x00,
  0x00, 0x00, 0x00, 0x00, 0x00, 0x00, 0x00, 0x00, 0x00, 0x00, 0x00, 0x00,
  0x00, 0x00, 0x00, 0x00, 0x00, 0x00, 0x00, 0x00, 0x00, 0x00, 0x00, 0x00,
  0x00, 0x00, 0x00, 0x00, 0x00, 0x00, 0x00, 0x00, 0x00, 0x00, 0x00, 0x00,
  0x00, 0x00, 0x00, 0x00, 0x00, 0x00, 0x00, 0x00, 0x00, 0x00, 0x00, 0x00,
  0x00, 0x00, 0x00, 0x00, 0x00, 0x00, 0x00, 0x00, 0x00, 0x00, 0x00, 0x00,
  0x00, 0x00, 0x00, 0x00, 0x00, 0x00, 0x00, 0x00, 0x00, 0x00, 0x00, 0x00,
  0x00, 0x00, 0x00, 0x00, 0x00, 0x00, 0x00, 0x00, 0x00, 0x00, 0x00, 0x00,
  0x00, 0x00, 0x00, 0x00, 0x00, 0x00, 0x00, 0x00, 0x00, 0x00, 0x00, 0x00,
  0x00, 0x00, 0x00, 0x00, 0x6d, 0x69, 0x6e, 0x69, 0x5f, 0x70, 0x69, 0x70,
  0x65, 0x6c, 0x69, 0x6e, 0x65, 0x00, 0x2d, 0x2d, 0x00, 0x7c, 0x00, 0x00,
  0xf4, 0x42, 0x40, 0x00, 0x47, 0x43, 0x43, 0x3a, 0x20, 0x28, 0x55, 0x62,
  0x75, 0x6e, 0x74, 0x75, 0x20, 0x31, 0x33, 0x2e, 0x33, 0x2e, 0x30, 0x2d,
  0x36, 0x75, 0x62, 0x75, 0x6e, 0x74, 0x75, 0x32, 0x7e, 0x32, 0x34, 0x2e,
  0x30, 0x34, 0x2e, 0x31, 0x29, 0x20, 0x31, 0x33, 0x2e, 0x33, 0x2e, 0x30,
  0x00, 0x00, 0x00, 0x00, 0x00, 0x00, 0x00, 0x00, 0x00, 0x00, 0x00, 0x00,
  0x00, 0x00, 0x00, 0x00, 0x00, 0x00, 0x00, 0x00, 0x01, 0x00, 0x00, 0x00,
  0x00, 0x00, 0x00, 0x00, 0x00, 0x00, 0x00, 0x00, 0x04, 0x00, 0xf1, 0xff,
  0x14, 0x00, 0x00, 0x00, 0xc0, 0x41, 0x40, 0x00, 0x24, 0x00, 0x00, 0x00,
  0x01, 0x00, 0x02, 0x00, 0x28, 0x00, 0x00, 0x00, 0x00, 0x00, 0x40, 0x00,
  0x13, 0x00, 0x00, 0x00, 0x02, 0x00, 0x01, 0x00, 0x36, 0x00, 0x00, 0x00,
  0x13, 0x00, 0x40, 0x00, 0x1c, 0x00, 0x00, 0x00, 0x02, 0x00, 0x01, 0x00,
  0x44, 0x00, 0x00, 0x00, 0x2f, 0x00, 0x40, 0x00, 0x1f, 0x00, 0x00, 0x00,
  0x02, 0x00, 0x01, 0x00, 0x52, 0x00, 0x00, 0x00, 0x4e, 0x00, 0x40, 0x00,
  0x20, 0x00, 0x00, 0x00, 0x02, 0x00, 0x01, 0x00, 0x60, 0x00, 0x00, 0x00,
  0x6e, 0x00, 0x40, 0x00, 0x14, 0x00, 0x00, 0x00, 0x02, 0x00, 0x01, 0x00,
  0x6b, 0x00, 0x00, 0x00, 0x82, 0x00, 0x40, 0x00, 0x13, 0x00, 0x00, 0x00,
  0x02, 0x00, 0x01, 0x00, 0x75, 0x00, 0x00, 0x00, 0x95, 0x00, 0x40, 0x00,
  0x0f, 0x00, 0x00, 0x00, 0x02, 0x00, 0x01, 0x00, 0x84, 0x00, 0x00, 0x00,
  0xa4, 0x00, 0x40, 0x00, 0x13, 0x00, 0x00, 0x00, 0x02, 0x00, 0x01, 0x00,
  0x95, 0x00, 0x00, 0x00, 0xb7, 0x00, 0x40, 0x00, 0x16, 0x00, 0x00, 0x00,
  0x02, 0x00, 0x01, 0x00, 0xa4, 0x00, 0x00, 0x00, 0xcd, 0x00, 0x40, 0x00,
  0x0f, 0x00, 0x00, 0x00, 0x02, 0x00, 0x01, 0x00, 0xb3, 0x00, 0x00, 0x00,
  0xdc, 0x00, 0x40, 0x00, 0x0f, 0x00, 0x00, 0x00, 0x02, 0x00, 0x01, 0x00,
  0xbd, 0x00, 0x00, 0x00, 0xeb, 0x00, 0x40, 0x00, 0x12, 0x00, 0x00, 0x00,
  0x02, 0x00, 0x01, 0x00, 0xca, 0x00, 0x00, 0x00, 0xfd, 0x00, 0x40, 0x00,
  0x0f, 0x00, 0x00, 0x00, 0x02, 0x00, 0x01, 0x00, 0xd8, 0x00, 0x00, 0x00,
  0x0c, 0x01, 0x40, 0x00, 0x19, 0x00, 0x00, 0x00, 0x02, 0x00, 0x01, 0x00,
  0xe7, 0x00, 0x00, 0x00, 0x25, 0x01, 0x40, 0x00, 0x16, 0x00, 0x00, 0x00,
  0x02, 0x00, 0x01, 0x00, 0xf3, 0x00, 0x00, 0x00, 0x3b, 0x01, 0x40, 0x00,
  0x12, 0x00, 0x00, 0x00, 0x02, 0x00, 0x01, 0x00, 0xfd, 0x00, 0x00, 0x00,
  0x4d, 0x01, 0x40, 0x00, 0x15, 0x00, 0x00, 0x00, 0x02, 0x00, 0x01, 0x00,
  0x11, 0x01, 0x00, 0x00, 0x62, 0x01, 0x40, 0x00, 0x10, 0x00, 0x00, 0x00,
  0x02, 0x00, 0x01, 0x00, 0x23, 0x01, 0x00, 0x00, 0x72, 0x01, 0x40, 0x00,
  0x13, 0x00, 0x00, 0x00, 0x02, 0x00, 0x01, 0x00, 0x2d, 0x01, 0x00, 0x00,
  0x85, 0x01, 0x40, 0x00, 0x19, 0x00, 0x00, 0x00, 0x02, 0x00, 0x01, 0x00,
  0x37, 0x01, 0x00, 0x00, 0x9e, 0x01, 0x40, 0x00, 0x12, 0x00, 0x00, 0x00,
  0x02, 0x00, 0x01, 0x00, 0x42, 0x01, 0x00, 0x00, 0xb0, 0x01, 0x40, 0x00,
  0x0f, 0x00, 0x00, 0x00, 0x02, 0x00, 0x01, 0x00, 0x52, 0x01, 0x00, 0x00,
  0xbf, 0x01, 0x40, 0x00, 0x19, 0x00, 0x00, 0x00, 0x02, 0x00, 0x01, 0x00,
  0x61, 0x01, 0x00, 0x00, 0xd8, 0x01, 0x40, 0x00, 0x13, 0x00, 0x00, 0x00,
  0x02, 0x00, 0x01, 0x00, 0x6c, 0x01, 0x00, 0x00, 0xeb, 0x01, 0x40, 0x00,
  0x17, 0x00, 0x00, 0x00, 0x02, 0x00, 0x01, 0x00, 0x7b, 0x01, 0x00, 0x00,
  0x02, 0x02, 0x40, 0x00, 0x13, 0x00, 0x00, 0x00, 0x02, 0x00, 0x01, 0x00,
  0x83, 0x01, 0x00, 0x00, 0x15, 0x02, 0x40, 0x00, 0x17, 0x00, 0x00, 0x00,
  0x02, 0x00, 0x01, 0x00, 0x93, 0x01, 0x00, 0x00, 0x2c, 0x02, 0x40, 0x00,
  0x19, 0x00, 0x00, 0x00, 0x02, 0x00, 0x01, 0x00, 0xac, 0x01, 0x00, 0x00,
  0x45, 0x02, 0x40, 0x00, 0x16, 0x00, 0x00, 0x00, 0x02, 0x00, 0x01, 0x00,
  0xc4, 0x01, 0x00, 0x00, 0x5b, 0x02, 0x40, 0x00, 0x10, 0x00, 0x00, 0x00,
  0x02, 0x00, 0x01, 0x00, 0xd4, 0x01, 0x00, 0x00, 0x6b, 0x02, 0x40, 0x00,
  0x12, 0x00, 0x00, 0x00, 0x02, 0x00, 0x01, 0x00, 0xe9, 0x01, 0x00, 0x00,
  0x7d, 0x02, 0x40, 0x00, 0x12, 0x00, 0x00, 0x00, 0x02, 0x00, 0x01, 0x00,
  0xfd, 0x01, 0x00, 0x00, 0x8f, 0x02, 0x40, 0x00, 0x13, 0x00, 0x00, 0x00,
  0x02, 0x00, 0x01, 0x00, 0x07, 0x02, 0x00, 0x00, 0xa2, 0x02, 0x40, 0x00,
  0x15, 0x00, 0x00, 0x00, 0x02, 0x00, 0x01, 0x00, 0x11, 0x02, 0x00, 0x00,
  0xb7, 0x02, 0x40, 0x00, 0x12, 0x00, 0x00, 0x00, 0x02, 0x00, 0x01, 0x00,
  0x27, 0x02, 0x00, 0x00, 0xc9, 0x02, 0x40, 0x00, 0x0f, 0x00, 0x00, 0x00,
  0x02, 0x00, 0x01, 0x00, 0x3d, 0x02, 0x00, 0x00, 0xd8, 0x02, 0x40, 0x00,
  0x17, 0x00, 0x00, 0x00, 0x02, 0x00, 0x01, 0x00, 0x47, 0x02, 0x00, 0x00,
  0xef, 0x02, 0x40, 0x00, 0x0f, 0x00, 0x00, 0x00, 0x02, 0x00, 0x01, 0x00,
  0x52, 0x02, 0x00, 0x00, 0xfe, 0x02, 0x40, 0x00, 0x8f, 0x00, 0x00, 0x00,
  0x02, 0x00, 0x01, 0x00, 0x5e, 0x02, 0x00, 0x00, 0x8d, 0x03, 0x40, 0x00,
  0x40, 0x00, 0x00, 0x00, 0x02, 0x00, 0x01, 0x00, 0x76, 0x02, 0x00, 0x00,
  0xcd, 0x03, 0x40, 0x00, 0x15, 0x00, 0x00, 0x00, 0x02, 0x00, 0x01, 0x00,
  0x94, 0x02, 0x00, 0x00, 0xe2, 0x03, 0x40, 0x00, 0x15, 0x00, 0x00, 0x00,
  0x02, 0x00, 0x01, 0x00, 0xa8, 0x02, 0x00, 0x00, 0xf7, 0x03, 0x40, 0x00,
  0x7c, 0x00, 0x00, 0x00, 0x02, 0x00, 0x01, 0x00, 0xba, 0x02, 0x00, 0x00,
  0x73, 0x04, 0x40, 0x00, 0x4a, 0x00, 0x00, 0x00, 0x02, 0x00, 0x01, 0x00,
  0xd9, 0x02, 0x00, 0x00, 0xbd, 0x04, 0x40, 0x00, 0x0d, 0x01, 0x00, 0x00,
  0x02, 0x00, 0x01, 0x00, 0xe9, 0x02, 0x00, 0x00, 0xca, 0x05, 0x40, 0x00,
  0x36, 0x01, 0x00, 0x00, 0x02, 0x00, 0x01, 0x00, 0xfe, 0x02, 0x00, 0x00,
  0x00, 0x07, 0x40, 0x00, 0xac, 0x00, 0x00, 0x00, 0x02, 0x00, 0x01, 0x00,
  0x12, 0x03, 0x00, 0x00, 0xac, 0x07, 0x40, 0x00, 0x72, 0x00, 0x00, 0x00,
  0x02, 0x00, 0x01, 0x00, 0x2c, 0x03, 0x00, 0x00, 0x1e, 0x08, 0x40, 0x00,
  0x72, 0x00, 0x00, 0x00, 0x02, 0x00, 0x01, 0x00, 0x3c, 0x03, 0x00, 0x00,
  0x90, 0x08, 0x40, 0x00, 0x84, 0x00, 0x00, 0x00, 0x02, 0x00, 0x01, 0x00,
  0x50, 0x03, 0x00, 0x00, 0x14, 0x09, 0x40, 0x00, 0xd0, 0x02, 0x00, 0x00,
  0x02, 0x00, 0x01, 0x00, 0x6a, 0x03, 0x00, 0x00, 0xe4, 0x0b, 0x40, 0x00,
  0x30, 0x00, 0x00, 0x00, 0x02, 0x00, 0x01, 0x00, 0x83, 0x03, 0x00, 0x00,
  0x14, 0x0c, 0x40, 0x00, 0x48, 0x00, 0x00, 0x00, 0x02, 0x00, 0x01, 0x00,
  0xa2, 0x03, 0x00, 0x00, 0x5c, 0x0c, 0x40, 0x00, 0x5f, 0x00, 0x00, 0x00,
  0x02, 0x00, 0x01, 0x00, 0xbf, 0x03, 0x00, 0x00, 0xbb, 0x0c, 0x40, 0x00,
  0x3e, 0x00, 0x00, 0x00, 0x02, 0x00, 0x01, 0x00, 0xdb, 0x03, 0x00, 0x00,
  0xf9, 0x0c, 0x40, 0x00, 0x66, 0x01, 0x00, 0x00, 0x02, 0x00, 0x01, 0x00,
  0xf3, 0x03, 0x00, 0x00, 0x5f, 0x0e, 0x40, 0x00, 0xbe, 0x00, 0x00, 0x00,
  0x02, 0x00, 0x01, 0x00, 0x04, 0x04, 0x00, 0x00, 0x1d, 0x0f, 0x40, 0x00,
  0x9c, 0x00, 0x00, 0x00, 0x02, 0x00, 0x01, 0x00, 0x0f, 0x04, 0x00, 0x00,
  0xb9, 0x0f, 0x40, 0x00, 0x0d, 0x01, 0x00, 0x00, 0x02, 0x00, 0x01, 0x00,
  0x27, 0x04, 0x00, 0x00, 0xc6, 0x10, 0x40, 0x00, 0x0a, 0x00, 0x00, 0x00,
  0x02, 0x00, 0x01, 0x00, 0x40, 0x04, 0x00, 0x00, 0xd0, 0x10, 0x40, 0x00,
  0x29, 0x00, 0x00, 0x00, 0x02, 0x00, 0x01, 0x00, 0x56, 0x04, 0x00, 0x00,
  0xf9, 0x10, 0x40, 0x00, 0x69, 0x00, 0x00, 0x00, 0x02, 0x00, 0x01, 0x00,
  0x6e, 0x04, 0x00, 0x00, 0x62, 0x11, 0x40, 0x00, 0xb8, 0x00, 0x00, 0x00,
  0x02, 0x00, 0x01, 0x00, 0x7e, 0x04, 0x00, 0x00, 0x1a, 0x12, 0x40, 0x00,
  0xb4, 0x00, 0x00, 0x00, 0x02, 0x00, 0x01, 0x00, 0x8f, 0x04, 0x00, 0x00,
  0xce, 0x12, 0x40, 0x00, 0x43, 0x03, 0x00, 0x00, 0x02, 0x00, 0x01, 0x00,
  0xaa, 0x04, 0x00, 0x00, 0x11, 0x16, 0x40, 0x00, 0x5c, 0x00, 0x00, 0x00,
  0x02, 0x00, 0x01, 0x00, 0xc6, 0x04, 0x00, 0x00, 0x6d, 0x16, 0x40, 0x00,
  0x51, 0x02, 0x00, 0x00, 0x02, 0x00, 0x01, 0x00, 0xda, 0x04, 0x00, 0x00,
  0xbe, 0x18, 0x40, 0x00, 0xa2, 0x01, 0x00, 0x00, 0x02, 0x00, 0x01, 0x00,
  0xf9, 0x04, 0x00, 0x00, 0x00, 0x60, 0x40, 0x00, 0x0e, 0x00, 0x00, 0x00,
  0x01, 0x00, 0x05, 0x00, 0x0e, 0x05, 0x00, 0x00, 0x0e, 0x60, 0x40, 0x00,
  0x03, 0x00, 0x00, 0x00, 0x01, 0x00, 0x05, 0x00, 0x20, 0x05, 0x00, 0x00,
  0x60, 0x1a, 0x40, 0x00, 0xfa, 0x00, 0x00, 0x00, 0x02, 0x00, 0x01, 0x00,
  0x48, 0x05, 0x00, 0x00, 0x5a, 0x1b, 0x40, 0x00, 0x87, 0x04, 0x00, 0x00,
  0x02, 0x00, 0x01, 0x00, 0x5b, 0x05, 0x00, 0x00, 0x20, 0x60, 0x40, 0x00,
  0x2c, 0x00, 0x00, 0x00, 0x01, 0x00, 0x06, 0x00, 0x70, 0x05, 0x00, 0x00,
  0xe1, 0x1f, 0x40, 0x00, 0xb7, 0x00, 0x00, 0x00, 0x02, 0x00, 0x01, 0x00,
  0x86, 0x05, 0x00, 0x00, 0x60, 0x60, 0x40, 0x00, 0x2c, 0x00, 0x00, 0x00,
  0x01, 0x00, 0x06, 0x00, 0x96, 0x05, 0x00, 0x00, 0x11, 0x60, 0x40, 0x00,
  0x02, 0x00, 0x00, 0x00, 0x01, 0x00, 0x05, 0x00, 0xa8, 0x05, 0x00, 0x00,
  0x98, 0x20, 0x40, 0x00, 0x71, 0x00, 0x00, 0x00, 0x02, 0x00, 0x01, 0x00,
  0xb7, 0x05, 0x00, 0x00, 0x09, 0x21, 0x40, 0x00, 0x62, 0x00, 0x00, 0x00,
  0x02, 0x00, 0x01, 0x00, 0xc8, 0x05, 0x00, 0x00, 0x6b, 0x21, 0x40, 0x00,
  0xb9, 0x00, 0x00, 0x00, 0x02, 0x00, 0x01, 0x00, 0xd5, 0x05, 0x00, 0x00,
  0x24, 0x22, 0x40, 0x00, 0xb9, 0x00, 0x00, 0x00, 0x02, 0x00, 0x01, 0x00,
  0xe3, 0x05, 0x00, 0x00, 0xdd, 0x22, 0x40, 0x00, 0x44, 0x00, 0x00, 0x00,
  0x02, 0x00, 0x01, 0x00, 0xf3, 0x05, 0x00, 0x00, 0x21, 0x23, 0x40, 0x00,
  0x7d, 0x00, 0x00, 0x00, 0x02, 0x00, 0x01, 0x00, 0x07, 0x06, 0x00, 0x00,
  0x9e, 0x23, 0x40, 0x00, 0x7d, 0x00, 0x00, 0x00, 0x02, 0x00, 0x01, 0x00,
  0x18, 0x06, 0x00, 0x00, 0x1b, 0x24, 0x40, 0x00, 0x44, 0x00, 0x00, 0x00,
  0x02, 0x00, 0x01, 0x00, 0x25, 0x06, 0x00, 0x00, 0x5f, 0x24, 0x40, 0x00,
  0xc3, 0x01, 0x00, 0x00, 0x02, 0x00, 0x01, 0x00, 0x36, 0x06, 0x00, 0x00,
  0x22, 0x26, 0x40, 0x00, 0xf0, 0x00, 0x00, 0x00, 0x02, 0x00, 0x01, 0x00,
  0x43, 0x06, 0x00, 0x00, 0x12, 0x27, 0x40, 0x00, 0x40, 0x01, 0x00, 0x00,
  0x02, 0x00, 0x01, 0x00, 0x52, 0x06, 0x00, 0x00, 0x52, 0x28, 0x40, 0x00,
  0x0f, 0x01, 0x00, 0x00, 0x02, 0x00, 0x01, 0x00, 0x62, 0x06, 0x00, 0x00,
  0x61, 0x29, 0x40, 0x00, 0xcd, 0x01, 0x00, 0x00, 0x02, 0x00, 0x01, 0x00,
  0x71, 0x06, 0x00, 0x00, 0xa0, 0x60, 0x40, 0x00, 0x80, 0x00, 0x00, 0x00,
  0x01, 0x00, 0x06, 0x00, 0x78, 0x06, 0x00, 0x00, 0x20, 0x61, 0x40, 0x00,
  0x2c, 0x00, 0x00, 0x00, 0x01, 0x00, 0x06, 0x00, 0x7f, 0x06, 0x00, 0x00,
  0x60, 0x61, 0x40, 0x00, 0x2c, 0x00, 0x00, 0x00, 0x01, 0x00, 0x06, 0x00,
  0x8e, 0x06, 0x00, 0x00, 0x14, 0x60, 0x40, 0x00, 0x04, 0x00, 0x00, 0x00,
  0x01, 0x00, 0x05, 0x00, 0x00, 0x00, 0x00, 0x00, 0x00, 0x00, 0x00, 0x00,
  0x00, 0x00, 0x00, 0x00, 0x04, 0x00, 0xf1, 0xff, 0x9b, 0x06, 0x00, 0x00,
  0x60, 0x4f, 0x40, 0x00, 0x00, 0x00, 0x00, 0x00, 0x00, 0x00, 0x03, 0x00,
  0xb3, 0x06, 0x00, 0x00, 0x2e, 0x2b, 0x40, 0x00, 0x75, 0x0a, 0x00, 0x00,
  0x12, 0x00, 0x01, 0x00, 0xae, 0x06, 0x00, 0x00, 0x20, 0x60, 0x40, 0x00,
  0x00, 0x00, 0x00, 0x00, 0x10, 0x00, 0x06, 0x00, 0xba, 0x06, 0x00, 0x00,
  0x18, 0x60, 0x40, 0x00, 0x00, 0x00, 0x00, 0x00, 0x10, 0x00, 0x05, 0x00,
  0xc1, 0x06, 0x00, 0x00, 0x8c, 0x61, 0x40, 0x00, 0x00, 0x00, 0x00, 0x00,
  0x10, 0x00, 0x06, 0x00, 0x00, 0x73, 0x68, 0x65, 0x6c, 0x6c, 0x5f, 0x65,
  0x6c, 0x66, 0x5f, 0x73, 0x6f, 0x75, 0x72, 0x63, 0x65, 0x2e, 0x63, 0x00,
  0x73, 0x68, 0x65, 0x6c, 0x6c, 0x5f, 0x62, 0x75, 0x69, 0x6c, 0x74, 0x69,
  0x6e, 0x5f, 0x66, 0x69, 0x6c, 0x65, 0x73, 0x00, 0x75, 0x73, 0x65, 0x72,
  0x5f, 0x73, 0x79, 0x73, 0x63, 0x61, 0x6c, 0x6c, 0x30, 0x00, 0x75, 0x73,
  0x65, 0x72, 0x5f, 0x73, 0x79, 0x73, 0x63, 0x61, 0x6c, 0x6c, 0x31, 0x00,
  0x75, 0x73, 0x65, 0x72, 0x5f, 0x73, 0x79, 0x73, 0x63, 0x61, 0x6c, 0x6c,
  0x32, 0x00, 0x75, 0x73, 0x65, 0x72, 0x5f, 0x73, 0x79, 0x73, 0x63, 0x61,
  0x6c, 0x6c, 0x33, 0x00, 0x75, 0x73, 0x65, 0x72, 0x5f, 0x77, 0x72, 0x69,
  0x74, 0x65, 0x00, 0x75, 0x73, 0x65, 0x72, 0x5f, 0x65, 0x78, 0x69, 0x74,
  0x00, 0x75, 0x73, 0x65, 0x72, 0x5f, 0x72, 0x65, 0x61, 0x64, 0x5f, 0x63,
  0x68, 0x61, 0x72, 0x00, 0x75, 0x73, 0x65, 0x72, 0x5f, 0x73, 0x6c, 0x65,
  0x65, 0x70, 0x5f, 0x74, 0x69, 0x63, 0x6b, 0x73, 0x00, 0x75, 0x73, 0x65,
  0x72, 0x5f, 0x73, 0x6c, 0x65, 0x65, 0x70, 0x5f, 0x70, 0x69, 0x64, 0x00,
  0x75, 0x73, 0x65, 0x72, 0x5f, 0x67, 0x65, 0x74, 0x5f, 0x74, 0x69, 0x63,
  0x6b, 0x73, 0x00, 0x75, 0x73, 0x65, 0x72, 0x5f, 0x66, 0x6f, 0x72, 0x6b,
  0x00, 0x75, 0x73, 0x65, 0x72, 0x5f, 0x77, 0x61, 0x69, 0x74, 0x70, 0x69,
  0x64, 0x00, 0x75, 0x73, 0x65, 0x72, 0x5f, 0x77, 0x61, 0x69, 0x74, 0x5f,
  0x61, 0x6e, 0x79, 0x00, 0x75, 0x73, 0x65, 0x72, 0x5f, 0x65, 0x78, 0x65,
  0x63, 0x5f, 0x61, 0x72, 0x67, 0x73, 0x00, 0x75, 0x73, 0x65, 0x72, 0x5f,
  0x70, 0x73, 0x5f, 0x67, 0x65, 0x74, 0x00, 0x75, 0x73, 0x65, 0x72, 0x5f,
  0x6b, 0x69, 0x6c, 0x6c, 0x00, 0x75, 0x73, 0x65, 0x72, 0x5f, 0x73, 0x65,
  0x74, 0x5f, 0x62, 0x61, 0x63, 0x6b, 0x67, 0x72, 0x6f, 0x75, 0x6e, 0x64,
  0x00, 0x75, 0x73, 0x65, 0x72, 0x5f, 0x63, 0x6c, 0x65, 0x61, 0x72, 0x5f,
  0x73, 0x63, 0x72, 0x65, 0x65, 0x6e, 0x00, 0x75, 0x73, 0x65, 0x72, 0x5f,
  0x6f, 0x70, 0x65, 0x6e, 0x00, 0x75, 0x73, 0x65, 0x72, 0x5f, 0x72, 0x65,
  0x61, 0x64, 0x00, 0x75, 0x73, 0x65, 0x72, 0x5f, 0x63, 0x6c, 0x6f, 0x73,
  0x65, 0x00, 0x75, 0x73, 0x65, 0x72, 0x5f, 0x66, 0x69, 0x6c, 0x65, 0x5f,
  0x63, 0x6f, 0x75, 0x6e, 0x74, 0x00, 0x75, 0x73, 0x65, 0x72, 0x5f, 0x66,
  0x69, 0x6c, 0x65, 0x5f, 0x69, 0x6e, 0x66, 0x6f, 0x00, 0x75, 0x73, 0x65,
  0x72, 0x5f, 0x74, 0x6f, 0x75, 0x63, 0x68, 0x00, 0x75, 0x73, 0x65, 0x72,
  0x5f, 0x77, 0x72, 0x69, 0x74, 0x65, 0x66, 0x69, 0x6c, 0x65, 0x00, 0x75,
  0x73, 0x65, 0x72, 0x5f, 0x72, 0x6d, 0x00, 0x75, 0x73, 0x65, 0x72, 0x5f,
  0x61, 0x70, 0x70, 0x65, 0x6e, 0x64, 0x66, 0x69, 0x6c, 0x65, 0x00, 0x75,
  0x73, 0x65, 0x72, 0x5f, 0x73, 0x65, 0x74, 0x5f, 0x73, 0x74, 0x64, 0x6f,
  0x75, 0x74, 0x5f, 0x72, 0x65, 0x64, 0x69, 0x72, 0x65, 0x63, 0x74, 0x00,
  0x75, 0x73, 0x65, 0x72, 0x5f, 0x73, 0x65, 0x74, 0x5f, 0x73, 0x74, 0x64,
  0x69, 0x6e, 0x5f, 0x72, 0x65, 0x64, 0x69, 0x72, 0x65, 0x63, 0x74, 0x00,
  0x75, 0x73, 0x65, 0x72, 0x5f, 0x70, 0x69, 0x70, 0x65, 0x5f, 0x72, 0x65,
  0x73, 0x65, 0x74, 0x00, 0x75, 0x73, 0x65, 0x72, 0x5f, 0x73, 0x65, 0x74,
  0x5f, 0x73, 0x74, 0x64, 0x6f, 0x75, 0x74, 0x5f, 0x70, 0x69, 0x70, 0x65,
  0x00, 0x75, 0x73, 0x65, 0x72, 0x5f, 0x73, 0x65, 0x74, 0x5f, 0x73, 0x74,
  0x64, 0x69, 0x6e, 0x5f, 0x70, 0x69, 0x70, 0x65, 0x00, 0x75, 0x73, 0x65,
  0x72, 0x5f, 0x70, 0x69, 0x70, 0x65, 0x00, 0x75, 0x73, 0x65, 0x72, 0x5f,
  0x64, 0x75, 0x70, 0x32, 0x00, 0x75, 0x73, 0x65, 0x72, 0x5f, 0x73, 0x65,
  0x74, 0x5f, 0x6c, 0x61, 0x75, 0x6e, 0x63, 0x68, 0x5f, 0x72, 0x65, 0x61,
  0x64, 0x79, 0x00, 0x75, 0x73, 0x65, 0x72, 0x5f, 0x67, 0x65, 0x74, 0x5f,
  0x6c, 0x61, 0x75, 0x6e, 0x63, 0x68, 0x5f, 0x72, 0x65, 0x61, 0x64, 0x79,
  0x00, 0x75, 0x73, 0x65, 0x72, 0x5f, 0x73, 0x74, 0x61, 0x74, 0x00, 0x75,
  0x73, 0x65, 0x72, 0x5f, 0x79, 0x69, 0x65, 0x6c, 0x64, 0x00, 0x73, 0x68,
  0x65, 0x6c, 0x6c, 0x5f, 0x73, 0x74, 0x72, 0x65, 0x71, 0x00, 0x73, 0x68,
  0x65, 0x6c, 0x6c, 0x5f, 0x69, 0x73, 0x5f, 0x72, 0x65, 0x64, 0x69, 0x72,
  0x65, 0x63, 0x74, 0x5f, 0x74, 0x6f, 0x6b, 0x65, 0x6e, 0x00, 0x73, 0x68,
  0x65, 0x6c, 0x6c, 0x5f, 0x69, 0x73, 0x5f, 0x69, 0x6e, 0x70, 0x75, 0x74,
  0x5f, 0x72, 0x65, 0x64, 0x69, 0x72, 0x65, 0x63, 0x74, 0x5f, 0x74, 0x6f,
  0x6b, 0x65, 0x6e, 0x00, 0x73, 0x68, 0x65, 0x6c, 0x6c, 0x5f, 0x69, 0x73,
  0x5f, 0x70, 0x69, 0x70, 0x65, 0x5f, 0x74, 0x6f, 0x6b, 0x65, 0x6e, 0x00,
  0x73, 0x68, 0x65, 0x6c, 0x6c, 0x5f, 0x77, 0x72, 0x69, 0x74, 0x65, 0x5f,
  0x73, 0x74, 0x61, 0x74, 0x65, 0x00, 0x73, 0x68, 0x65, 0x6c, 0x6c, 0x5f,
  0x73, 0x74, 0x72, 0x69, 0x6e, 0x67, 0x5f, 0x6c, 0x65, 0x6e, 0x67, 0x74,
  0x68, 0x5f, 0x77, 0x69, 0x74, 0x68, 0x5f, 0x6c, 0x69, 0x6d, 0x69, 0x74,
  0x00, 0x73, 0x68, 0x65, 0x6c, 0x6c, 0x5f, 0x6a, 0x6f, 0x69, 0x6e, 0x5f,
  0x61, 0x72, 0x67, 0x73, 0x00, 0x73, 0x68, 0x65, 0x6c, 0x6c, 0x5f, 0x6a,
  0x6f, 0x69, 0x6e, 0x5f, 0x61, 0x72, 0x67, 0x5f, 0x72, 0x61, 0x6e, 0x67,
  0x65, 0x00, 0x73, 0x68, 0x65, 0x6c, 0x6c, 0x5f, 0x66, 0x69, 0x6e, 0x64,
  0x5f, 0x72, 0x65, 0x64, 0x69, 0x72, 0x65, 0x63, 0x74, 0x00, 0x73, 0x68,
  0x65, 0x6c, 0x6c, 0x5f, 0x66, 0x69, 0x6e, 0x64, 0x5f, 0x69, 0x6e, 0x70,
  0x75, 0x74, 0x5f, 0x72, 0x65, 0x64, 0x69, 0x72, 0x65, 0x63, 0x74, 0x00,
  0x73, 0x68, 0x65, 0x6c, 0x6c, 0x5f, 0x66, 0x69, 0x6e, 0x64, 0x5f, 0x70,
  0x69, 0x70, 0x65, 0x00, 0x73, 0x68, 0x65, 0x6c, 0x6c, 0x5f, 0x63, 0x6f,
  0x6c, 0x6c, 0x65, 0x63, 0x74, 0x5f, 0x70, 0x69, 0x70, 0x65, 0x73, 0x00,
  0x73, 0x68, 0x65, 0x6c, 0x6c, 0x5f, 0x70, 0x61, 0x72, 0x73, 0x65, 0x5f,
  0x72, 0x75, 0x6e, 0x5f, 0x72, 0x65, 0x64, 0x69, 0x72, 0x65, 0x63, 0x74,
  0x73, 0x00, 0x73, 0x68, 0x65, 0x6c, 0x6c, 0x5f, 0x65, 0x66, 0x66, 0x65,
  0x63, 0x74, 0x69, 0x76, 0x65, 0x5f, 0x72, 0x75, 0x6e, 0x5f, 0x61, 0x72,
  0x67, 0x63, 0x00, 0x73, 0x68, 0x65, 0x6c, 0x6c, 0x5f, 0x77, 0x72, 0x69,
  0x74, 0x65, 0x5f, 0x72, 0x75, 0x6e, 0x5f, 0x72, 0x65, 0x64, 0x69, 0x72,
  0x65, 0x63, 0x74, 0x5f, 0x65, 0x72, 0x72, 0x6f, 0x72, 0x00, 0x73, 0x68,
  0x65, 0x6c, 0x6c, 0x5f, 0x76, 0x61, 0x6c, 0x69, 0x64, 0x61, 0x74, 0x65,
  0x5f, 0x73, 0x74, 0x64, 0x6f, 0x75, 0x74, 0x5f, 0x74, 0x61, 0x72, 0x67,
  0x65, 0x74, 0x00, 0x73, 0x68, 0x65, 0x6c, 0x6c, 0x5f, 0x76, 0x61, 0x6c,
  0x69, 0x64, 0x61, 0x74, 0x65, 0x5f, 0x73, 0x74, 0x64, 0x69, 0x6e, 0x5f,
  0x73, 0x6f, 0x75, 0x72, 0x63, 0x65, 0x00, 0x73, 0x68, 0x65, 0x6c, 0x6c,
  0x5f, 0x63, 0x6d, 0x64, 0x5f, 0x65, 0x63, 0x68, 0x6f, 0x5f, 0x72, 0x65,
  0x64, 0x69, 0x72, 0x65, 0x63, 0x74, 0x00, 0x73, 0x68, 0x65, 0x6c, 0x6c,
  0x5f, 0x77, 0x72, 0x69, 0x74, 0x65, 0x5f, 0x75, 0x69, 0x6e, 0x74, 0x00,
  0x73, 0x68, 0x65, 0x6c, 0x6c, 0x5f, 0x61, 0x74, 0x6f, 0x69, 0x00, 0x73,
  0x68, 0x65, 0x6c, 0x6c, 0x5f, 0x66, 0x69, 0x6c, 0x65, 0x5f, 0x6e, 0x61,
  0x6d, 0x65, 0x5f, 0x6d, 0x61, 0x74, 0x63, 0x68, 0x65, 0x73, 0x00, 0x73,
  0x68, 0x65, 0x6c, 0x6c, 0x5f, 0x62, 0x75, 0x69, 0x6c, 0x74, 0x69, 0x6e,
  0x5f, 0x66, 0x69, 0x6c, 0x65, 0x5f, 0x63, 0x6f, 0x75, 0x6e, 0x74, 0x00,
  0x73, 0x68, 0x65, 0x6c, 0x6c, 0x5f, 0x62, 0x75, 0x69, 0x6c, 0x74, 0x69,
  0x6e, 0x5f, 0x66, 0x69, 0x6c, 0x65, 0x5f, 0x61, 0x74, 0x00, 0x73, 0x68,
  0x65, 0x6c, 0x6c, 0x5f, 0x62, 0x75, 0x69, 0x6c, 0x74, 0x69, 0x6e, 0x5f,
  0x66, 0x69, 0x6c, 0x65, 0x5f, 0x66, 0x69, 0x6e, 0x64, 0x00, 0x73, 0x68,
  0x65, 0x6c, 0x6c, 0x5f, 0x72, 0x65, 0x61, 0x64, 0x5f, 0x6c, 0x69, 0x6e,
  0x65, 0x00, 0x73, 0x68, 0x65, 0x6c, 0x6c, 0x5f, 0x73, 0x70, 0x6c, 0x69,
  0x74, 0x5f, 0x6c, 0x69, 0x6e, 0x65, 0x00, 0x73, 0x68, 0x65, 0x6c, 0x6c,
  0x5f, 0x70, 0x72, 0x6f, 0x67, 0x72, 0x61, 0x6d, 0x5f, 0x69, 0x64, 0x5f,
  0x66, 0x72, 0x6f, 0x6d, 0x5f, 0x6e, 0x61, 0x6d, 0x65, 0x00, 0x73, 0x68,
  0x65, 0x6c, 0x6c, 0x5f, 0x76, 0x61, 0x6c, 0x69, 0x64, 0x61, 0x74, 0x65,
  0x5f, 0x70, 0x72, 0x6f, 0x67, 0x72, 0x61, 0x6d, 0x5f, 0x61, 0x72, 0x67,
  0x73, 0x00, 0x73, 0x68, 0x65, 0x6c, 0x6c, 0x5f, 0x73, 0x70, 0x61, 0x77,
  0x6e, 0x5f, 0x70, 0x72, 0x6f, 0x67, 0x72, 0x61, 0x6d, 0x00, 0x73, 0x68,
  0x65, 0x6c, 0x6c, 0x5f, 0x62, 0x75, 0x69, 0x6c, 0x64, 0x5f, 0x6d, 0x69,
  0x6e, 0x69, 0x5f, 0x70, 0x69, 0x70, 0x65, 0x6c, 0x69, 0x6e, 0x65, 0x5f,
  0x61, 0x72, 0x67, 0x76, 0x00, 0x6d, 0x69, 0x6e, 0x69, 0x5f, 0x70, 0x69,
  0x70, 0x65, 0x6c, 0x69, 0x6e, 0x65, 0x5f, 0x6e, 0x61, 0x6d, 0x65, 0x2e,
  0x38, 0x00, 0x73, 0x65, 0x70, 0x61, 0x72, 0x61, 0x74, 0x6f, 0x72, 0x5f,
  0x74, 0x6f, 0x6b, 0x65, 0x6e, 0x2e, 0x37, 0x00, 0x73, 0x68, 0x65, 0x6c,
  0x6c, 0x5f, 0x76, 0x61, 0x6c, 0x69, 0x64, 0x61, 0x74, 0x65, 0x5f, 0x70,
  0x69, 0x70, 0x65, 0x6c, 0x69, 0x6e, 0x65, 0x5f, 0x72, 0x65, 0x64, 0x69,
  0x72, 0x65, 0x63, 0x74, 0x5f, 0x6c, 0x61, 0x79, 0x6f, 0x75, 0x74, 0x00,
  0x73, 0x68, 0x65, 0x6c, 0x6c, 0x5f, 0x72, 0x75, 0x6e, 0x5f, 0x70, 0x69,
  0x70, 0x65, 0x6c, 0x69, 0x6e, 0x65, 0x00, 0x6d, 0x69, 0x6e, 0x69, 0x5f,
  0x70, 0x69, 0x70, 0x65, 0x6c, 0x69, 0x6e, 0x65, 0x5f, 0x61, 0x72, 0x67,
  0x76, 0x2e, 0x36, 0x00, 0x73, 0x68, 0x65, 0x6c, 0x6c, 0x5f, 0x72, 0x75,
  0x6e, 0x5f, 0x73, 0x69, 0x6e, 0x67, 0x6c, 0x65, 0x5f, 0x70, 0x69, 0x70,
  0x65, 0x00, 0x70, 0x69, 0x70, 0x65, 0x6c, 0x69, 0x6e, 0x65, 0x5f, 0x61,
  0x72, 0x67, 0x76, 0x2e, 0x35, 0x00, 0x73, 0x65, 0x70, 0x61, 0x72, 0x61,
  0x74, 0x6f, 0x72, 0x5f, 0x74, 0x6f, 0x6b, 0x65, 0x6e, 0x2e, 0x34, 0x00,
  0x73, 0x68, 0x65, 0x6c, 0x6c, 0x5f, 0x63, 0x6d, 0x64, 0x5f, 0x65, 0x63,
  0x68, 0x6f, 0x00, 0x73, 0x68, 0x65, 0x6c, 0x6c, 0x5f, 0x63, 0x6d, 0x64,
  0x5f, 0x75, 0x70, 0x74, 0x69, 0x6d, 0x65, 0x00, 0x73, 0x68, 0x65, 0x6c,
  0x6c, 0x5f, 0x63, 0x6d, 0x64, 0x5f, 0x6c, 0x73, 0x00, 0x73, 0x68, 0x65,
  0x6c, 0x6c, 0x5f, 0x63, 0x6d, 0x64, 0x5f, 0x63, 0x61, 0x74, 0x00, 0x73,
  0x68, 0x65, 0x6c, 0x6c, 0x5f, 0x63, 0x6d, 0x64, 0x5f, 0x74, 0x6f, 0x75,
  0x63, 0x68, 0x00, 0x73, 0x68, 0x65, 0x6c, 0x6c, 0x5f, 0x63, 0x6d, 0x64,
  0x5f, 0x77, 0x72, 0x69, 0x74, 0x65, 0x66, 0x69, 0x6c, 0x65, 0x00, 0x73,
  0x68, 0x65, 0x6c, 0x6c, 0x5f, 0x63, 0x6d, 0x64, 0x5f, 0x61, 0x70, 0x70,
  0x65, 0x6e, 0x64, 0x00, 0x73, 0x68, 0x65, 0x6c, 0x6c, 0x5f, 0x63, 0x6d,
  0x64, 0x5f, 0x72, 0x6d, 0x00, 0x73, 0x68, 0x65, 0x6c, 0x6c, 0x5f, 0x63,
  0x6d, 0x64, 0x5f, 0x66, 0x64, 0x74, 0x65, 0x73, 0x74, 0x00, 0x73, 0x68,
  0x65, 0x6c, 0x6c, 0x5f, 0x63, 0x6d, 0x64, 0x5f, 0x70, 0x73, 0x00, 0x73,
  0x68, 0x65, 0x6c, 0x6c, 0x5f, 0x63, 0x6d, 0x64, 0x5f, 0x6a, 0x6f, 0x62,
  0x73, 0x00, 0x73, 0x68, 0x65, 0x6c, 0x6c, 0x5f, 0x63, 0x6d, 0x64, 0x5f,
  0x73, 0x6c, 0x65, 0x65, 0x70, 0x00, 0x73, 0x68, 0x65, 0x6c, 0x6c, 0x5f,
  0x63, 0x6d, 0x64, 0x5f, 0x68, 0x65, 0x6c, 0x70, 0x00, 0x6c, 0x69, 0x6e,
  0x65, 0x2e, 0x33, 0x00, 0x61, 0x72, 0x67, 0x76, 0x2e, 0x32, 0x00, 0x70,
  0x69, 0x70, 0x65, 0x5f, 0x69, 0x6e, 0x64, 0x69, 0x63, 0x65, 0x73, 0x2e,
  0x31, 0x00, 0x68, 0x65, 0x6c, 0x6c, 0x6f, 0x5f, 0x61, 0x72, 0x67, 0x76,
  0x2e, 0x30, 0x00, 0x5f, 0x5f, 0x47, 0x4e, 0x55, 0x5f, 0x45, 0x48, 0x5f,
  0x46, 0x52, 0x41, 0x4d, 0x45, 0x5f, 0x48, 0x44, 0x52, 0x00, 0x5f, 0x5f,
  0x62, 0x73, 0x73, 0x5f, 0x73, 0x74, 0x61, 0x72, 0x74, 0x00, 0x5f, 0x65,
  0x64, 0x61, 0x74, 0x61, 0x00, 0x5f, 0x65, 0x6e, 0x64, 0x00, 0x00, 0x2e,
  0x73, 0x79, 0x6d, 0x74, 0x61, 0x62, 0x00, 0x2e, 0x73, 0x74, 0x72, 0x74,
  0x61, 0x62, 0x00, 0x2e, 0x73, 0x68, 0x73, 0x74, 0x72, 0x74, 0x61, 0x62,
  0x00, 0x2e, 0x74, 0x65, 0x78, 0x74, 0x00, 0x2e, 0x72, 0x6f, 0x64, 0x61,
  0x74, 0x61, 0x00, 0x2e, 0x65, 0x68, 0x5f, 0x66, 0x72, 0x61, 0x6d, 0x65,
  0x5f, 0x68, 0x64, 0x72, 0x00, 0x2e, 0x65, 0x68, 0x5f, 0x66, 0x72, 0x61,
  0x6d, 0x65, 0x00, 0x2e, 0x64, 0x61, 0x74, 0x61, 0x00, 0x2e, 0x62, 0x73,
  0x73, 0x00, 0x2e, 0x63, 0x6f, 0x6d, 0x6d, 0x65, 0x6e, 0x74, 0x00, 0x00,
  0x00, 0x00, 0x00, 0x00, 0x00, 0x00, 0x00, 0x00, 0x00, 0x00, 0x00, 0x00,
  0x00, 0x00, 0x00, 0x00, 0x00, 0x00, 0x00, 0x00, 0x00, 0x00, 0x00, 0x00,
  0x00, 0x00, 0x00, 0x00, 0x00, 0x00, 0x00, 0x00, 0x00, 0x00, 0x00, 0x00,
  0x00, 0x00, 0x00, 0x00, 0x1b, 0x00, 0x00, 0x00, 0x01, 0x00, 0x00, 0x00,
  0x06, 0x00, 0x00, 0x00, 0x00, 0x00, 0x40, 0x00, 0x00, 0x10, 0x00, 0x00,
  0xa3, 0x35, 0x00, 0x00, 0x00, 0x00, 0x00, 0x00, 0x00, 0x00, 0x00, 0x00,
  0x01, 0x00, 0x00, 0x00, 0x00, 0x00, 0x00, 0x00, 0x21, 0x00, 0x00, 0x00,
  0x01, 0x00, 0x00, 0x00, 0x02, 0x00, 0x00, 0x00, 0x00, 0x40, 0x40, 0x00,
  0x00, 0x50, 0x00, 0x00, 0x5e, 0x0f, 0x00, 0x00, 0x00, 0x00, 0x00, 0x00,
  0x00, 0x00, 0x00, 0x00, 0x20, 0x00, 0x00, 0x00, 0x00, 0x00, 0x00, 0x00,
  0x29, 0x00, 0x00, 0x00, 0x01, 0x00, 0x00, 0x00, 0x02, 0x00, 0x00, 0x00,
  0x60, 0x4f, 0x40, 0x00, 0x60, 0x5f, 0x00, 0x00, 0xb4, 0x02, 0x00, 0x00,
  0x00, 0x00, 0x00, 0x00, 0x00, 0x00, 0x00, 0x00, 0x04, 0x00, 0x00, 0x00,
  0x00, 0x00, 0x00, 0x00, 0x37, 0x00, 0x00, 0x00, 0x01, 0x00, 0x00, 0x00,
  0x02, 0x00, 0x00, 0x00, 0x14, 0x52, 0x40, 0x00, 0x14, 0x62, 0x00, 0x00,
  0xc4, 0x0a, 0x00, 0x00, 0x00, 0x00, 0x00, 0x00, 0x00, 0x00, 0x00, 0x00,
  0x04, 0x00, 0x00, 0x00, 0x00, 0x00, 0x00, 0x00, 0x41, 0x00, 0x00, 0x00,
  0x01, 0x00, 0x00, 0x00, 0x03, 0x00, 0x00, 0x00, 0x00, 0x60, 0x40, 0x00,
  0x00, 0x70, 0x00, 0x00, 0x18, 0x00, 0x00, 0x00, 0x00, 0x00, 0x00, 0x00,
  0x00, 0x00, 0x00, 0x00, 0x04, 0x00, 0x00, 0x00, 0x00, 0x00, 0x00, 0x00,
  0x47, 0x00, 0x00, 0x00, 0x08, 0x00, 0x00, 0x00, 0x03, 0x00, 0x00, 0x00,
  0x20, 0x60, 0x40, 0x00, 0x18, 0x70, 0x00, 0x00, 0x6c, 0x01, 0x00, 0x00,
  0x00, 0x00, 0x00, 0x00, 0x00, 0x00, 0x00, 0x00, 0x20, 0x00, 0x00, 0x00,
  0x00, 0x00, 0x00, 0x00, 0x4c, 0x00, 0x00, 0x00, 0x01, 0x00, 0x00, 0x00,
  0x30, 0x00, 0x00, 0x00, 0x00, 0x00, 0x00, 0x00, 0x18, 0x70, 0x00, 0x00,
  0x2d, 0x00, 0x00, 0x00, 0x00, 0x00, 0x00, 0x00, 0x00, 0x00, 0x00, 0x00,
  0x01, 0x00, 0x00, 0x00, 0x01, 0x00, 0x00, 0x00, 0x01, 0x00, 0x00, 0x00,
  0x02, 0x00, 0x00, 0x00, 0x00, 0x00, 0x00, 0x00, 0x00, 0x00, 0x00, 0x00,
  0x48, 0x70, 0x00, 0x00, 0x60, 0x06, 0x00, 0x00, 0x09, 0x00, 0x00, 0x00,
  0x62, 0x00, 0x00, 0x00, 0x04, 0x00, 0x00, 0x00, 0x10, 0x00, 0x00, 0x00,
  0x09, 0x00, 0x00, 0x00, 0x03, 0x00, 0x00, 0x00, 0x00, 0x00, 0x00, 0x00,
  0x00, 0x00, 0x00, 0x00, 0xa8, 0x76, 0x00, 0x00, 0xc6, 0x06, 0x00, 0x00,
  0x00, 0x00, 0x00, 0x00, 0x00, 0x00, 0x00, 0x00, 0x01, 0x00, 0x00, 0x00,
  0x00, 0x00, 0x00, 0x00, 0x11, 0x00, 0x00, 0x00, 0x03, 0x00, 0x00, 0x00,
  0x00, 0x00, 0x00, 0x00, 0x00, 0x00, 0x00, 0x00, 0x6e, 0x7d, 0x00, 0x00,
  0x55, 0x00, 0x00, 0x00, 0x00, 0x00, 0x00, 0x00, 0x00, 0x00, 0x00, 0x00,
  0x01, 0x00, 0x00, 0x00, 0x00, 0x00, 0x00, 0x00
};
unsigned int shell_elf_len = 32636;
